Actual Price,Predicted Price
280,154.2472
90,76.85239
200,116.74637
55,143.19495
100,101.2909
59,98.79212
125,175.66853
199,130.7965
98,137.48074
275,124.10031
46,98.206436
299,213.27702
50,91.38627
270,139.53918
140,123.34532
180,183.58038
60,109.05655
133,131.94073
50,76.97191
55,102.944374
63,116.194916
65,112.055115
130,127.758
50,126.08066
90,148.67798
299,162.89816
70,76.85198
105,171.75975
99,78.34047
99,89.68562
175,178.73444
250,176.0338
97,109.00409
56,112.047195
198,153.47847
139,184.00436
200,162.87009
55,96.077034
70,177.26312
150,72.05438
50,89.618965
67,118.82763
54,102.79821
95,115.98407
158,102.52636
220,138.74507
130,109.575165
45,77.2979
150,121.91088
250,156.15413
40,90.00194
150,145.36427
80,146.77873
125,166.52597
100,125.12791
88,125.68255
115,118.35146
100,166.7552
122,142.7509
175,127.18308
229,209.83704
44,79.4633
60,71.24283
90,150.60126
72,82.30644
125,84.821266
100,113.1854
103,113.14555
80,71.46475
92,135.95781
85,120.81906
55,81.887665
55,60.6137
65,109.203384
150,207.33174
90,169.5241
220,189.96451
149,156.87921
50,101.19945
150,122.21539
125,94.20174
110,121.493645
79,92.86447
85,118.74965
200,161.00883
250,137.85161
206,148.37349
199,164.67201
55,105.44247
140,221.25162
200,164.45432
100,66.97556
69,169.73947
70,77.36854
245,135.63313
151,198.0442
50,95.977325
70,108.68161
55,58.941914
36,43.506603
65,96.175
39,68.82642
55,54.635155
109,124.60043
149,141.76547
70,128.00986
42,89.08793
190,200.3803
50,76.11045
125,86.07285
65,145.27827
60,77.79495
100,109.093
299,81.72771
49,63.028736
215,142.96814
35,42.028057
110,82.71568
179,165.61794
200,90.443
69,130.01274
69,112.50096
110,103.58022
49,73.77822
239,241.76564
60,86.34222
85,152.25835
100,177.39781
69,116.60042
80,68.76092
95,62.843906
115,72.96772
220,166.7188
125,130.1249
65,78.055504
55,99.0824
150,70.34739
285,149.54971
99,135.264
77,125.15186
75,108.91359
80,74.00531
235,156.17882
44,97.08916
65,111.83535
125,69.002106
49,72.09056
195,139.37111
80,86.48568
110,149.92737
60,69.865585
220,187.1877
48,88.82821
110,143.73163
60,119.17109
60,186.13318
99,147.48764
135,88.23512
120,109.11036
46,53.450153
80,150.9204
250,97.063995
59,75.35718
70,102.80075
180,159.64359
135,150.49704
175,118.53515
100,87.005455
43,77.98754
45,72.79829
99,116.634125
147,142.4653
150,125.30007
198,176.53749
185,155.90532
200,152.9763
80,119.04858
150,91.621254
270,142.17177
79,70.70179
145,117.89409
70,106.120895
185,159.10576
55,69.397316
195,133.51588
200,107.852135
55,88.40899
65,99.11053
48,87.35703
125,120.5116
50,90.853424
50,145.88506
95,84.75347
80,175.5543
295,151.08379
30,80.40969
250,148.82477
80,84.96362
81,114.81112
185,90.51079
45,95.44218
161,108.29093
175,161.30392
229,168.77843
35,72.64341
66,125.720345
200,137.37126
60,89.970955
60,89.85594
110,193.57094
100,95.124275
250,71.54394
49,83.774284
39,76.149185
77,106.014046
99,129.2991
40,68.84238
150,182.80252
200,184.51314
40,80.72803
199,142.77911
93,83.80783
150,134.76016
60,111.29852
100,116.99579
65,66.77907
50,113.65528
69,69.514824
195,175.17656
175,120.48565
75,128.55847
65,121.65102
100,91.20958
175,117.00092
120,105.47405
125,132.45813
85,126.57375
180,121.09137
42,63.12191
149,141.73863
76,94.32366
220,186.90366
130,131.49352
80,166.8266
40,83.02047
84,160.02412
180,170.06468
250,127.65029
100,104.817245
150,155.25432
70,89.63013
300,150.40651
80,94.23986
125,106.093124
37,40.927345
99,95.26733
200,129.01418
89,152.35591
75,91.044106
130,173.79272
126,127.671646
210,126.83582
180,172.39667
195,124.97974
95,152.56688
50,89.85317
199,204.21341
34,53.016506
35,80.3452
50,120.47806
190,109.39366
99,62.551125
49,92.00883
75,139.2915
111,147.99745
65,69.437874
37,68.03121
119,182.94542
120,147.53186
110,183.42407
70,95.51758
250,135.67886
85,132.3113
50,65.7006
138,181.95291
200,170.17249
83,154.17662
110,123.77686
45,82.26146
125,140.47253
150,142.29247
67,78.5351
80,64.09334
175,99.394
127,105.13384
195,187.95183
151,108.60633
229,227.83977
65,83.66011
160,103.98837
250,147.01213
75,119.68929
149,140.23428
70,151.63925
50,83.375
100,102.43356
75,78.21195
295,169.68492
65,75.11703
95,180.09917
100,190.51991
120,146.90071
100,114.38112
70,84.08449
50,74.242676
130,115.454185
140,143.30084
179,89.71207
240,156.51411
45,66.593636
104,76.33994
142,166.42235
225,125.17557
34,89.22803
60,80.994896
125,151.80547
120,102.24639
250,167.02168
69,97.34683
115,107.21155
55,105.665405
100,105.47625
65,175.94067
225,160.39511
150,163.95885
59,76.003944
199,177.6623
70,57.667675
155,118.771225
125,138.69244
100,84.92769
47,129.05426
120,90.27248
200,91.86383
75,135.63803
150,119.021935
150,146.15675
65,134.39313
222,131.6941
40,132.51889
152,106.771805
60,75.737686
93,83.05252
299,172.72284
145,154.21992
90,83.30869
110,108.08664
250,156.24016
180,197.70882
100,82.50499
90,99.79553
60,81.50445
140,161.71356
140,104.35648
150,139.36111
250,99.128815
75,147.463
65,77.3478
107,108.11487
90,61.491653
50,116.469185
165,153.37094
310,131.41086
300,218.10146
150,159.40173
110,115.201805
100,83.8153
250,157.67168
188,78.63293
38,95.55479
225,182.82112
65,147.17717
195,151.5698
290,120.61698
250,125.45144
250,190.41037
139,150.1581
209,176.55022
150,153.0417
135,107.61522
185,126.63282
95,97.81452
100,134.94235
220,166.9372
65,70.73283
55,75.41463
200,95.01189
150,157.05391
85,199.40584
149,58.415848
300,141.32857
150,130.89018
110,118.994156
100,131.14177
90,104.68518
40,66.21653
200,144.5319
270,205.0885
200,172.49736
140,153.15779
90,75.271355
41,92.14919
110,129.9165
60,105.51938
275,160.21297
180,163.81105
123,151.1703
62,132.73076
160,141.7562
85,92.30052
70,113.69655
40,74.61309
225,74.2292
75,142.10919
120,144.62802
85,122.801056
50,76.24699
80,65.97358
66,89.92003
75,103.68758
75,109.16143
156,171.50037
97,178.57526
80,119.12171
159,104.73436
115,140.459
60,85.118546
198,166.77985
43,83.68272
120,138.83879
75,94.621056
85,136.14833
110,143.3569
139,153.53775
47,79.98798
275,122.18715
80,97.17676
99,86.748314
99,87.669685
100,69.715
54,101.3215
70,153.85016
195,130.66475
80,51.28755
150,145.05298
30,56.430874
150,91.62249
68,97.241455
90,69.9395
55,91.76939
170,142.77762
100,133.18652
174,138.40614
50,104.418205
170,168.3805
50,106.092186
77,125.31761
32,78.99676
100,77.22098
125,134.16289
49,86.89028
65,73.498344
275,158.61397
50,50.929775
69,84.8559
180,196.15688
107,123.48146
59,101.83458
200,123.091484
75,125.894714
105,103.52305
130,75.56488
58,65.07787
57,193.65796
31,71.93563
199,124.857605
330,157.75706
100,78.278076
145,130.4025
70,67.68494
211,177.77818
135,78.87442
40,49.209496
95,128.19844
200,178.75006
235,245.48987
150,128.38829
259,178.37747
128,123.88279
195,147.92091
240,146.2058
190,164.79349
30,70.56191
65,108.50352
100,70.249016
55,86.24254
70,83.55838
150,162.70013
80,90.221214
130,201.13696
120,131.67705
75,118.958466
125,108.100464
135,161.37029
102,76.02443
150,193.647
40,60.00084
44,146.61215
122,95.20832
225,94.49692
150,178.30649
56,119.611626
55,60.155952
55,64.20195
80,141.21149
249,174.90227
300,109.419556
161,156.79253
140,158.09534
85,150.3575
69,137.30309
299,139.36502
133,183.91182
69,81.135216
37,98.1914
185,158.55385
250,85.39891
220,155.9643
150,134.23454
81,75.24523
28,80.51495
235,186.39334
58,140.73485
188,97.95227
99,116.75688
150,109.70825
32,68.85291
105,164.87288
200,121.385506
115,102.83061
124,167.11224
330,121.50109
36,71.51188
59,80.48743
75,106.65594
99,107.82595
52,71.043846
180,145.35231
51,78.84978
47,64.6782
270,162.75414
65,143.78879
171,127.12743
182,178.80699
80,83.49204
75,96.795876
169,183.89381
225,168.49405
160,133.11871
175,93.63686
75,167.72176
108,76.86342
60,82.971085
85,72.9767
110,194.98405
70,94.905464
250,143.30692
60,100.48803
60,82.14805
55,60.371014
219,172.75746
135,143.53084
200,130.43706
138,93.682945
59,78.76079
130,147.33293
40,37.25715
65,74.31347
280,103.3974
200,158.42253
55,108.01387
200,137.97832
90,155.24673
95,69.6108
45,88.66011
85,67.73314
110,193.37126
80,106.75969
300,119.290695
177,166.0619
115,61.677235
45,83.500755
89,128.09055
115,133.01387
60,94.865295
180,169.78766
250,101.25763
148,146.82689
110,93.16152
59,97.22665
111,112.00921
200,186.95267
75,105.13253
75,93.71194
35,60.236156
150,130.58467
145,158.98169
112,161.08488
93,106.57555
85,142.2583
125,133.93492
150,103.42629
200,154.91338
85,140.29385
115,179.22026
100,112.23241
60,102.02369
82,159.29852
148,167.41132
90,134.72377
204,180.97224
250,173.80075
50,121.18552
220,124.093575
165,146.32524
100,78.4054
90,170.22609
134,194.55035
146,88.98797
250,150.45883
32,73.922
250,143.21358
34,42.02062
90,142.92252
40,93.81645
130,97.21585
75,102.835144
225,162.58786
81,142.25862
295,125.89854
200,159.66338
231,226.21127
75,86.2485
249,119.96316
75,126.67402
199,153.04921
205,211.61212
250,91.949196
37,103.65118
52,123.71133
60,99.6338
80,165.32454
33,122.57458
165,110.67731
250,91.25473
68,89.26614
150,143.11615
165,132.86577
53,78.23984
150,143.61987
90,105.49516
225,130.78592
175,120.215576
55,185.8705
60,69.772766
109,121.37342
100,79.87805
70,73.5438
119,113.5185
86,151.12817
250,221.92336
170,101.11252
170,179.6733
75,158.79869
50,88.1836
250,195.55283
125,66.05561
80,105.790474
90,114.24367
90,173.47832
49,56.656597
200,159.98055
50,68.81182
155,79.66635
125,99.57909
195,167.31236
170,166.4589
175,169.84782
55,111.03164
51,64.64149
266,121.35964
65,71.82192
78,119.0931
75,94.039604
300,216.58789
55,100.18489
130,174.7866
47,129.34853
40,87.05057
250,70.264465
94,109.875755
94,75.76642
70,61.433704
180,98.089836
119,152.53055
180,150.30133
69,79.92606
125,93.991585
100,81.398
80,98.62932
100,80.81564
64,119.63482
95,89.01615
117,176.59319
250,159.52544
100,135.93236
250,68.696884
149,184.57616
85,100.42107
150,82.68839
225,125.66951
89,131.12025
38,66.372375
100,78.8617
95,114.252884
91,206.53426
220,190.12685
110,153.02878
105,89.81549
50,128.59956
67,131.84561
125,192.00185
40,83.43097
50,131.05428
100,145.00691
225,159.29482
235,208.81209
199,124.90096
65,55.358925
110,131.46756
225,117.607925
100,102.503204
0,159.18906
150,96.04936
250,100.563255
145,160.8593
55,67.28686
180,232.50505
100,164.8759
125,154.85764
42,78.37405
90,115.347565
189,158.01665
50,124.2782
79,67.40232
89,151.828
265,241.80779
200,149.34227
160,171.7668
92,100.24046
150,163.94424
75,108.56117
111,196.22781
305,187.62216
95,113.378815
325,174.1096
105,79.93573
90,148.03569
150,81.95722
129,142.71564
95,142.26004
220,173.26001
93,83.11081
47,56.265438
75,117.50069
70,80.31638
150,78.15268
105,111.27146
69,92.93343
91,109.6397
260,154.6214
110,95.34812
316,146.96935
59,61.19542
245,138.41534
48,90.19855
80,62.984413
115,138.56102
70,74.769646
80,64.09891
70,103.92695
48,75.228615
54,83.83024
75,168.20155
85,97.28336
177,159.33498
75,81.59236
199,220.46292
225,160.36847
102,140.77763
115,134.72908
60,126.14172
85,152.10265
46,60.9519
90,88.63979
185,175.8486
43,74.91705
86,59.315865
20,75.18942
45,82.61918
28,68.9745
175,183.64922
104,121.31373
75,121.63999
99,120.5085
97,110.086784
50,85.74848
65,167.704
80,129.21718
100,83.03327
75,140.73953
50,114.26759
60,96.78097
90,94.31431
80,98.99245
239,161.20317
130,80.60778
47,55.291878
68,132.50262
200,160.70811
232,163.2602
200,141.1597
180,175.46364
85,93.322586
70,111.449684
55,120.507805
118,161.44543
80,117.257996
80,98.21681
150,78.55422
65,99.71236
75,79.92723
40,95.16977
69,172.89046
169,146.67363
185,151.9275
50,81.90122
200,133.78134
200,111.28013
102,101.994644
225,150.17136
96,101.097374
65,176.63548
180,123.841446
60,128.00948
170,174.05736
219,169.04655
180,187.00069
85,118.29265
180,175.11023
120,124.23252
79,94.99649
149,142.88194
250,65.35196
130,132.84605
175,91.53362
200,146.9415
200,171.293
85,86.270744
37,50.682407
98,81.65916
91,112.535164
40,97.155624
50,75.67266
60,118.152985
188,92.89136
55,96.88179
120,146.1849
100,91.28154
150,165.56021
250,103.31389
59,86.83992
53,134.18376
169,165.69534
170,126.42699
75,130.88727
299,90.23619
85,159.39445
115,88.92192
249,151.43773
40,65.71408
100,114.34741
46,152.77307
96,47.057552
40,59.74003
54,154.1854
150,169.22859
250,140.42941
40,102.3296
100,150.26373
40,71.584595
65,67.30367
58,88.44848
70,53.099056
99,116.299835
60,138.13867
50,98.05405
90,90.94055
60,85.04498
185,154.40314
75,105.84572
50,98.30198
150,169.44563
150,147.83011
100,91.37558
90,143.92842
150,133.04695
250,144.71054
52,80.29631
90,96.22732
151,85.913956
120,81.21056
100,147.65416
37,41.270287
48,82.24653
160,73.62461
80,70.43403
300,96.09526
97,115.68989
175,70.50816
100,160.68045
60,110.70471
62,106.1743
305,216.01917
80,116.833305
125,125.40132
71,91.11741
90,96.53568
145,112.83006
50,47.02278
120,175.77417
70,115.40061
60,103.851395
127,144.79832
140,149.89714
60,125.03425
105,79.23566
49,78.52546
220,183.1801
65,120.86559
55,100.96373
100,106.93998
89,119.64547
150,137.00244
70,113.974144
89,101.764244
250,190.35979
175,144.53043
180,152.69833
65,81.90738
180,80.5663
100,92.800865
145,107.4178
200,181.87387
70,130.78421
49,75.47884
65,65.43046
65,109.781746
300,148.70064
50,89.60304
130,88.97577
125,128.7331
249,135.4255
175,172.70636
50,119.36472
200,138.17734
50,65.17359
132,127.06266
55,110.20846
115,111.85919
195,134.18709
40,80.873085
60,94.010345
75,109.25565
80,150.85234
45,103.436165
65,89.787964
65,78.4295
275,152.43352
55,102.846054
90,73.76362
52,92.97272
40,78.43179
120,118.30004
150,167.08139
95,150.76405
67,130.54027
100,156.18622
99,154.33443
69,104.146576
175,161.48787
148,123.50345
34,105.53902
100,125.93144
188,139.62544
198,156.62532
140,85.56142
250,99.527596
100,158.29614
70,86.47258
300,158.3558
80,96.83042
85,147.56711
299,199.62842
150,87.6991
70,68.68434
55,72.001976
175,165.35039
42,49.832466
198,193.71675
70,145.92719
50,81.80522
75,119.25992
60,85.95976
125,122.047066
45,92.49761
160,142.1285
112,86.95845
70,105.84378
35,133.6396
140,74.72651
220,110.97309
76,98.124886
40,55.37075
55,95.88051
68,116.36053
150,168.30783
260,124.7381
168,157.62354
45,63.919422
100,136.16733
150,158.91461
200,107.203026
74,98.21118
125,77.00471
65,78.9202
100,107.95706
65,70.64509
130,146.40556
75,77.25267
53,81.004524
200,210.03957
120,88.06402
75,104.47569
59,112.36443
190,173.23949
59,104.390625
26,40.728947
35,97.10163
179,152.27408
47,84.014244
200,154.48383
85,145.45937
125,82.69286
200,194.69719
120,148.86995
43,84.890656
170,157.55382
160,140.65538
95,124.19126
101,148.09155
70,84.25355
90,150.8003
250,136.33177
150,171.96228
215,182.5669
60,95.9833
120,80.87242
45,88.84893
140,97.99539
150,75.92563
175,139.01338
49,73.27787
55,116.16941
150,165.96912
156,174.027
131,85.79009
32,32.8738
85,162.47815
35,49.939705
55,100.923294
89,149.11966
210,139.03482
170,110.52635
85,91.409584
150,82.41011
120,90.42869
139,124.37881
63,152.71259
80,166.4785
90,104.757515
100,84.21587
200,192.04947
45,80.184006
100,109.23761
105,86.38487
39,86.17695
55,106.98336
55,59.316517
84,87.383255
42,40.73496
50,80.125015
90,146.63068
50,132.55615
69,119.83116
95,200.2818
155,95.62816
95,93.70883
170,123.37614
249,98.998566
37,44.445774
170,164.64027
100,118.36488
300,124.47304
99,77.65358
45,67.18853
90,125.34557
80,146.25769
215,142.84492
75,154.83969
80,108.6352
90,103.75278
193,165.73228
65,79.08898
90,91.82098
125,98.64405
154,104.8821
70,97.88661
38,100.5215
90,96.546906
68,91.284065
65,80.649925
78,102.0682
250,123.8144
197,175.26764
99,133.72641
65,76.61146
299,210.63101
299,179.38246
95,112.623634
75,171.88277
46,134.88799
46,99.46643
225,196.48357
45,80.81357
175,190.96025
100,140.69574
109,98.16178
214,178.18336
38,56.62772
325,164.7337
75,110.024956
50,74.71733
100,193.9448
50,114.90138
170,191.66269
35,85.21163
120,100.24247
145,97.82766
280,100.55757
200,151.2928
127,102.21249
99,115.89683
133,159.79921
60,82.52232
65,60.83529
140,189.1434
175,158.74559
65,72.85406
70,102.22412
90,142.36537
60,88.020905
57,63.764256
279,180.93983
60,79.86982
59,69.010666
80,90.77074
175,200.98225
140,53.752613
125,109.91589
215,133.20413
40,98.3975
70,133.76123
48,58.19141
75,128.55179
109,129.01373
85,151.76396
250,179.48534
65,75.02494
49,87.737274
180,160.13011
175,141.94989
120,102.63918
150,139.84987
53,96.92451
89,122.762985
95,157.36163
95,143.6759
62,100.57051
45,101.35759
97,107.47163
120,130.473
99,136.03252
135,134.98653
40,79.75341
96,92.51624
250,173.84673
99,145.64894
90,86.992744
160,116.2688
45,107.01462
100,112.07364
169,185.86496
295,172.55142
125,88.20758
75,100.4718
150,139.88101
55,62.130768
185,156.70699
275,178.48245
40,80.39646
49,79.544205
33,62.980278
102,108.25792
45,153.28873
175,100.45847
34,77.86704
55,71.599174
250,65.03662
70,97.727615
25,88.1306
185,97.16476
99,104.62516
150,106.56849
105,121.51483
80,89.342125
45,44.581425
63,83.064674
64,138.99893
45,60.828194
160,108.97689
195,119.53834
169,150.1957
260,193.641
200,112.15448
125,150.16962
69,109.75852
80,110.07594
139,209.27417
109,146.31433
200,147.88045
120,151.54922
35,84.8586
73,127.85072
50,110.02222
80,84.50969
48,77.546036
150,108.50334
125,93.64869
122,95.14332
97,120.522606
79,109.23439
102,120.379326
99,168.3874
70,118.67413
139,168.23622
75,86.89692
175,100.58385
128,185.06645
190,85.478645
102,112.80172
198,138.61644
95,79.17117
43,52.269352
65,85.7321
124,164.4279
85,100.09225
155,68.56641
95,97.23854
250,119.44296
210,128.3901
80,123.95369
120,138.24788
70,138.49341
55,124.66597
50,71.175446
196,148.39081
159,195.88336
210,171.01938
91,64.38159
60,111.66962
198,187.49716
55,69.860374
30,70.75806
90,115.544174
100,113.79815
175,122.70001
80,144.48705
280,166.76106
200,131.83157
50,55.62124
175,127.31056
20,42.691326
140,144.4971
50,75.250534
60,161.54697
174,151.96655
300,101.84792
135,154.42403
60,80.52715
189,197.45891
55,96.583206
100,154.84695
50,68.09574
105,96.28255
118,118.00825
195,235.65569
90,163.04044
55,75.70199
150,198.26257
99,148.60625
60,86.11878
42,77.216675
25,87.600334
45,76.343704
100,103.372
101,125.93629
50,102.15693
217,157.73138
195,96.70553
100,86.76118
165,98.57033
150,209.37476
230,161.8212
115,81.74704
99,86.01516
55,92.4635
100,169.88196
80,69.88648
170,114.581894
199,169.38135
93,114.62124
59,87.60432
250,194.7813
115,136.49738
110,68.22812
200,129.09256
62,62.567825
90,100.87766
169,120.65887
170,148.29924
150,124.28356
199,106.10296
280,191.78152
85,100.87092
120,122.979324
79,128.75987
135,171.74747
118,116.39479
100,109.79218
50,55.60985
160,154.4536
227,223.16405
175,107.75771
200,78.16853
49,77.230354
120,182.30118
65,90.95889
52,140.80667
195,204.10541
100,90.3284
230,109.85686
80,142.3587
150,161.5612
175,160.62563
300,211.1491
60,109.10814
195,119.811714
125,115.72325
149,98.72033
225,156.80177
79,83.505104
99,149.52144
190,151.65686
119,154.99579
180,246.46762
180,167.27026
46,95.11049
300,164.35979
50,73.69331
120,110.87601
62,93.7921
33,59.862335
250,146.29721
110,77.921326
75,150.96428
49,87.80402
299,239.19812
185,154.53195
70,96.22198
290,197.52322
75,126.61773
100,138.35553
200,162.49738
70,75.36756
75,101.625145
50,85.56163
40,59.175415
59,93.60864
130,117.07482
225,180.70381
30,72.76309
275,184.663
120,100.82368
89,116.05154
115,170.00645
110,123.810104
220,123.91546
299,126.79105
249,143.33582
225,139.27057
157,200.25423
100,149.70654
189,197.79834
75,92.60139
200,156.78577
150,126.95758
60,84.52316
64,74.46581
38,71.42131
30,155.67616
65,62.686714
40,55.876263
28,52.417656
70,118.21544
45,85.12277
177,128.96909
120,113.83699
104,154.64812
30,70.4431
60,99.73472
80,106.338875
95,87.50864
100,146.3242
93,99.2432
167,117.92522
66,66.08246
80,76.01571
89,161.50989
87,101.57456
100,98.592674
63,126.062004
50,76.63981
85,74.044334
99,120.234344
180,122.90197
38,113.11397
100,161.14873
120,143.46788
50,110.355194
70,82.549355
58,139.56418
55,45.595165
250,161.62563
148,152.38332
50,90.82034
69,78.67279
150,160.30592
270,223.22882
70,86.81843
50,128.5639
114,112.79125
50,90.348656
200,171.59808
85,75.81057
189,209.23155
150,176.94386
160,118.78477
228,178.10179
60,64.53073
157,170.44873
300,96.37924
150,75.00061
85,107.02724
36,65.35248
70,70.569084
225,168.88557
315,137.31488
85,131.29305
80,99.24911
45,138.20343
115,167.69159
59,126.74548
250,127.908714
85,97.55096
100,122.59553
300,99.51915
51,106.86527
54,85.42315
50,71.88798
49,102.482956
45,107.65198
60,50.63322
261,200.01537
60,94.09741
82,116.24652
85,129.78215
70,134.19054
65,114.38098
182,168.45384
79,107.7554
150,149.32532
121,124.1363
20,95.4495
289,151.74297
58,129.34549
220,198.3142
160,101.147026
275,137.96646
199,173.23773
45,66.43788
80,189.78085
99,144.32054
60,94.49195
151,153.82935
65,135.33215
59,80.68521
65,86.43185
225,139.36275
190,140.7747
45,87.6404
124,134.75928
240,129.95168
99,118.403824
115,84.24883
60,81.72182
144,183.69588
74,155.53293
150,184.17194
130,109.889595
45,83.34386
90,130.37416
95,103.827736
85,133.1455
99,107.94081
226,125.960724
158,170.6506
130,65.90121
90,91.29783
125,142.13503
91,150.76349
325,91.19835
300,168.57605
35,47.42703
65,69.602325
225,207.93068
49,123.90887
37,81.49473
55,67.418686
115,116.34113
85,81.13131
55,70.61706
59,110.19459
50,97.52012
144,129.48143
50,71.83524
0,41.256706
115,142.78152
65,79.88418
150,114.26052
95,82.51778
87,85.6111
99,82.97391
85,128.25839
285,235.19304
250,155.05653
50,103.17844
150,147.8334
135,155.16484
49,130.15163
260,195.20181
65,84.82278
280,186.45694
50,76.61052
137,131.40326
150,118.75788
300,152.81912
320,147.99324
30,62.05222
175,129.28232
250,89.819176
50,89.66707
90,161.49315
50,88.13959
200,162.79411
145,139.09097
169,119.51502
140,173.18034
80,133.41359
55,76.493034
76,58.19315
33,51.802746
300,141.91385
55,75.73817
180,106.364716
199,142.41281
37,68.698944
90,125.793434
245,130.94005
100,86.86214
295,188.77945
225,232.25511
80,144.53517
50,91.06079
128,91.98219
75,93.44402
120,78.139694
175,111.57989
280,164.33345
220,131.10793
180,180.20236
295,186.99054
80,105.249725
65,69.0592
250,119.6102
35,72.52026
100,82.64819
69,136.86029
100,101.019516
115,175.05515
100,53.0218
140,150.4934
115,84.38248
240,155.79947
70,96.26601
149,214.03377
250,162.75558
225,121.951035
107,130.14545
120,76.09101
207,214.4084
140,127.62566
239,176.25133
157,159.17975
70,81.01794
60,81.14373
150,106.99694
150,111.84185
86,112.33324
45,69.598045
157,125.31768
246,132.1396
65,73.19068
65,73.89465
81,65.24167
51,171.3941
110,130.97609
155,134.12546
250,115.65754
250,156.3466
50,138.9631
105,132.04324
218,169.70656
35,67.42638
80,52.24226
65,109.816505
170,115.361374
45,87.099556
73,152.41013
200,90.05688
140,94.82843
150,108.32472
55,65.10819
75,63.601055
129,132.54005
120,81.08952
65,152.84143
200,154.64772
197,171.64847
200,139.87012
90,140.87141
270,175.3413
159,162.53369
72,97.594215
200,136.17366
65,107.30213
180,177.30347
59,78.561966
125,137.64137
110,121.25189
75,82.154305
60,96.500046
130,117.13771
250,182.7245
60,77.730965
170,65.73197
120,139.9429
200,184.46753
225,110.55328
195,146.94229
125,153.93967
300,138.93118
78,106.81129
30,86.59511
45,68.59761
325,171.9712
120,140.84242
155,137.45369
80,90.36575
209,174.0764
100,139.87935
159,151.03871
148,104.39888
110,161.01292
65,109.9339
135,153.63777
135,126.716515
139,137.79665
35,88.24761
150,164.6769
119,163.77151
88,87.06339
100,140.46109
170,87.97749
60,100.012665
55,73.80597
200,166.32747
41,141.1591
84,94.26745
225,173.5433
99,78.83234
72,84.44625
145,128.56047
210,182.98341
109,158.95538
54,70.95411
200,108.67821
47,76.17202
160,158.96085
98,170.89096
99,138.48813
65,143.64981
50,83.21457
170,95.80028
110,114.99591
140,140.01677
110,80.60054
85,113.407394
70,84.983505
190,156.74448
50,112.18063
139,119.66877
180,210.47586
85,113.167694
75,74.52029
40,66.55252
60,74.83917
225,194.11086
50,166.326
90,107.5938
110,78.32149
49,54.419514
135,101.54449
65,100.473755
150,63.57174
69,69.25887
34,63.748306
53,93.26258
180,110.69791
150,153.25464
50,74.850716
200,177.71071
119,120.17287
95,106.91779
125,95.921234
180,159.78534
150,129.92856
60,66.42398
49,69.755
148,122.53863
32,42.07086
100,173.83429
140,158.84563
129,106.092926
95,121.34588
60,83.843765
150,132.57336
59,90.68598
290,123.78346
119,121.11379
30,55.289116
250,87.61306
200,168.81676
200,92.165855
45,83.64888
48,54.6838
174,144.16876
50,94.145485
45,108.22039
50,75.55907
85,100.10054
325,178.6196
50,109.13609
75,120.83714
199,95.76246
68,56.981728
65,91.864235
30,94.06628
110,98.092735
45,55.019215
125,101.621994
180,75.20099
98,120.64895
29,73.37335
175,102.74371
110,141.44682
250,87.20096
75,116.64466
130,101.53072
150,198.34671
300,115.71641
50,75.141685
150,130.01427
90,112.80117
90,92.64736
267,208.64957
50,52.138844
100,183.52795
175,186.06932
120,115.00909
50,107.29849
59,146.68352
129,77.0968
139,74.854385
100,167.96046
180,77.99077
170,204.39784
243,157.7858
95,64.18911
180,181.76135
135,144.55402
100,119.83458
85,169.171
146,101.77816
50,98.2275
100,173.29755
150,126.949554
111,89.65354
40,94.81713
65,73.35587
69,109.25899
70,81.45063
225,122.82643
65,93.09319
250,117.01658
75,74.75807
150,161.10233
59,72.430504
100,121.06866
225,211.60455
60,111.62012
40,66.947975
165,160.39664
45,93.452385
160,166.75325
160,105.40498
58,73.938385
70,101.207695
250,170.74084
79,91.63657
225,127.04926
174,136.04515
195,159.61572
75,80.17027
300,190.3292
51,122.71373
200,107.16621
111,124.67921
50,86.27219
75,116.55015
165,133.80922
95,126.43299
288,196.15105
90,76.82014
90,170.21812
225,71.789024
67,117.17228
130,131.4055
119,100.32457
75,123.85662
95,155.67229
129,118.409096
200,167.39185
80,77.60573
300,107.94879
117,73.13968
103,188.14447
70,138.48524
199,180.30858
45,74.39653
68,104.739494
50,84.291016
155,148.53511
250,150.53537
65,149.85603
74,91.64009
195,181.6154
260,145.00111
75,112.37199
55,74.61981
300,162.94312
60,74.94092
200,121.699104
119,157.98332
155,171.7212
75,89.47135
100,91.638145
180,102.5233
64,96.57296
160,163.11594
50,101.49851
150,118.21942
36,60.303013
135,119.686005
89,121.01526
99,152.01862
300,162.81055
53,98.67905
110,160.76614
215,195.54424
120,118.210754
65,113.72741
200,178.32034
121,212.86392
88,100.18199
55,83.44938
25,83.25432
28,86.50029
150,101.48592
160,128.45074
65,108.05268
45,80.3048
90,96.177345
35,39.124634
127,177.32498
332,237.49695
40,91.01716
169,168.23367
239,101.8834
270,236.02081
80,147.83736
130,159.16527
100,129.96883
107,84.107414
225,172.02258
59,110.40283
150,97.55454
116,145.78673
110,144.49858
281,138.4634
55,84.17063
81,82.439575
260,206.75116
89,112.80919
150,122.64414
48,90.06724
105,108.12347
99,96.21681
150,172.72768
75,93.025276
75,59.475597
179,167.07343
88,162.14107
49,83.85405
251,137.69205
100,73.20159
40,76.24922
185,104.06919
250,151.29042
55,51.853962
65,78.350685
80,83.70817
45,94.85829
60,85.169685
92,193.41606
30,88.21231
160,131.55074
175,153.27144
100,78.33894
40,64.78512
65,76.805916
89,150.67534
175,120.78436
160,135.25319
45,62.39218
60,102.93739
75,84.29953
150,142.73375
160,187.93317
120,71.777534
50,64.80382
75,142.21832
289,169.62311
165,73.18287
155,136.25137
68,122.48086
165,158.41983
100,144.47908
140,189.74664
319,194.5237
105,144.67851
48,69.48544
57,134.00066
80,79.344894
319,163.4774
250,155.65732
42,112.288536
80,142.56226
60,97.576904
250,117.20871
75,89.18026
250,106.69456
135,165.27098
65,86.38842
95,161.44095
150,137.95927
75,100.23126
143,187.63759
36,90.92001
115,129.76831
95,116.71904
175,89.90159
100,126.01012
285,182.09244
180,120.18149
150,90.6761
150,118.287025
75,76.95883
180,113.7888
179,99.20083
175,171.71867
99,90.67802
107,78.76015
99,149.70781
70,127.427185
50,52.037243
75,160.49232
38,60.20341
315,204.37874
100,117.17242
60,91.51141
95,141.86803
299,179.46457
98,98.19754
195,161.04393
175,164.04053
80,117.078445
50,62.056614
115,174.83469
63,131.3389
150,116.30031
45,76.185425
89,143.85687
40,127.188385
227,146.53499
100,133.28282
79,115.697845
150,96.99874
140,88.61376
185,122.17169
90,158.74692
249,177.12071
130,230.57294
50,116.874825
200,97.472206
100,96.22538
60,86.3102
68,102.81703
110,134.11168
225,197.65356
185,164.83025
45,61.21401
150,116.17899
140,135.14554
80,107.0507
105,162.63977
65,66.63293
50,112.759125
125,93.31977
155,88.240265
64,129.035
80,70.91897
65,82.78771
146,121.814445
200,85.15748
85,94.10527
70,84.65259
215,163.36827
175,217.69354
275,163.27818
40,91.84808
300,164.15956
60,114.44268
129,135.43785
175,98.99207
70,65.4975
60,84.04898
55,94.73729
120,89.82183
40,113.277084
35,67.84096
89,158.88028
200,129.6163
300,166.7152
45,80.912994
185,128.94432
279,199.08614
70,134.81413
120,144.00476
75,59.503525
150,117.79572
60,121.99489
50,76.63532
42,72.19927
150,84.63615
55,54.300385
199,175.28056
89,87.85925
90,95.44281
60,131.134
49,101.773834
249,74.92192
200,163.74405
75,56.334694
144,72.93301
90,88.427704
320,196.25613
75,106.66053
60,71.524
90,91.566765
300,160.15692
76,140.52264
46,74.56532
86,89.38149
90,105.94458
100,83.64734
105,89.88115
100,153.90283
100,150.49141
180,210.58038
130,181.7628
124,108.881485
150,152.06407
198,84.029465
90,162.17885
135,101.42358
101,102.03418
160,151.89507
120,114.3964
131,71.916046
50,87.27051
60,74.471596
77,116.66573
45,87.81825
50,82.35244
80,112.85501
100,115.54778
279,194.95827
148,141.94115
89,66.13415
140,194.8746
85,77.00213
300,163.20189
120,164.099
85,141.0221
203,236.29895
29,84.8731
145,200.96007
200,122.81366
100,84.19225
45,72.0507
89,112.523834
179,86.48427
100,181.55267
65,90.314514
175,169.81366
170,123.7681
45,61.882957
150,100.14191
38,80.05107
50,114.284645
106,165.40764
199,86.49915
168,70.049255
148,147.56784
60,106.7892
133,70.265625
45,108.68229
215,73.53392
45,93.64106
90,81.48228
40,70.390785
325,140.38538
175,123.91355
139,140.44412
30,72.03321
125,64.38105
75,122.4331
208,188.58641
65,130.15233
75,139.29356
70,110.07118
150,144.7432
105,137.6149
45,58.48817
200,156.65114
50,91.239586
30,71.73188
249,196.08452
225,137.83891
72,56.308445
60,94.64428
70,132.07004
110,118.10396
70,103.83328
41,83.29128
250,75.62441
210,134.98923
140,160.51582
127,90.40808
209,151.80782
93,125.10338
50,68.736
149,99.4054
150,101.34871
132,150.14365
100,115.47304
58,67.32321
280,192.76517
90,75.094635
250,171.23753
255,188.28241
55,108.92442
299,175.75575
169,146.0035
50,59.86379
225,82.37667
99,142.30202
189,185.15799
249,175.71338
70,89.96043
175,165.03781
95,133.94373
254,204.59322
90,79.41137
99,138.36382
150,117.49502
97,128.992
86,107.809654
150,154.60614
60,63.091785
75,92.65595
50,79.59595
259,167.41524
120,98.891235
259,164.15233
165,92.115
240,108.43102
175,119.65924
55,96.236336
75,102.95366
179,102.08575
85,70.62212
40,65.13717
45,74.7693
175,162.45633
300,89.79558
50,107.84861
99,75.98568
174,100.44217
60,88.87126
175,186.74017
45,61.24159
99,82.12353
155,101.40198
45,64.9668
67,89.67892
112,93.44456
180,115.56485
65,94.52181
121,114.925644
49,86.8809
102,117.76784
79,165.2199
89,113.54679
295,157.55853
99,135.87666
125,160.88571
80,116.95152
250,56.841015
40,65.3749
85,66.82899
60,93.36347
72,111.060814
130,88.63456
35,64.76365
150,79.75569
62,104.37405
82,147.63826
116,157.9744
61,119.4368
60,76.7046
50,135.1989
47,89.38424
60,140.45276
125,84.81753
55,83.60143
44,96.498085
55,82.931946
61,108.67374
175,144.83556
199,205.15056
110,132.83049
200,123.1244
308,201.64084
195,156.50201
85,137.95358
119,118.88787
175,126.658134
185,181.5371
175,121.73572
90,74.971115
74,83.83471
48,118.986946
125,115.65139
150,88.92226
89,119.72877
100,168.03772
110,146.27867
135,121.32902
125,118.90521
210,200.40186
199,156.61884
36,60.767254
90,127.13006
75,108.72511
190,122.37698
150,133.34236
45,85.66621
180,146.16817
195,166.65819
95,100.50807
200,83.18881
149,137.4235
100,91.42442
55,93.10679
150,78.05626
147,158.41739
91,89.33466
200,140.61421
45,86.29117
45,92.237495
119,164.76303
80,151.34096
220,137.62236
199,176.40266
28,62.72392
70,99.22696
225,116.74643
99,151.16129
71,97.64998
69,83.56167
40,112.6173
70,89.213806
80,103.45129
110,110.99875
175,166.4429
140,101.19503
50,92.62112
55,115.770584
100,82.4995
90,85.71927
100,187.49464
219,101.27462
60,67.46486
95,64.83469
70,137.98445
58,85.89105
90,86.253334
100,79.843544
65,102.94262
98,120.63405
66,119.53034
200,162.39679
120,96.57602
197,121.800514
160,143.50075
160,132.80576
110,142.2258
115,101.22723
100,86.3432
111,167.30835
180,116.85855
150,142.47397
325,136.5191
90,73.608116
169,127.49304
285,170.84961
300,191.51338
45,72.76822
80,73.92827
86,85.14171
147,135.39679
118,95.500145
125,87.07421
225,138.89903
115,92.8147
75,104.457535
50,56.05803
125,80.31251
90,176.64575
100,122.29162
129,129.34782
120,123.58963
65,119.84822
65,98.752655
100,145.32791
65,102.298706
67,80.90307
328,150.61652
129,170.52293
190,94.6794
120,135.31862
77,95.85416
55,121.78364
123,122.14399
90,162.79631
80,77.50615
55,59.854225
126,91.62139
169,160.29138
40,104.724335
50,95.74243
275,116.26441
288,182.36218
35,82.92357
95,133.70358
40,132.55518
73,142.20032
175,124.55333
139,82.20714
69,117.83463
90,137.78435
95,80.67453
195,130.93112
85,115.01499
150,123.903
58,97.82078
93,101.97326
95,137.52127
179,183.93765
150,158.22806
59,142.11359
250,227.83664
270,104.570755
24,61.138412
250,155.0149
37,56.02869
79,177.06335
65,82.084946
90,101.91831
90,117.93216
119,117.46923
95,152.85289
200,186.19154
125,120.557106
222,157.20465
55,64.25865
130,137.19714
125,153.12103
189,103.050026
70,112.51233
199,155.96545
100,164.74825
65,109.28173
39,44.755295
300,168.67691
175,187.70006
55,105.72914
90,149.21999
75,75.44838
80,99.76992
49,118.28029
115,77.738045
195,148.27145
120,166.45258
49,118.055626
60,68.36411
30,82.552216
80,109.42819
218,135.26292
109,182.02322
261,109.30644
75,110.25308
199,97.398285
115,140.63626
100,83.80942
185,143.40517
160,100.361176
109,154.02805
88,99.14063
90,144.78156
180,112.35017
250,74.7465
52,112.96296
58,52.62974
219,170.22348
150,89.28212
105,77.79079
129,148.87267
120,144.5851
131,165.07962
75,50.37996
75,114.03993
100,91.34285
120,153.84431
86,126.68444
145,113.47803
165,66.68268
70,145.21313
82,65.836006
50,89.04498
100,180.4248
75,113.14162
70,142.85072
50,94.836334
250,88.45133
99,158.8075
112,189.25935
33,73.57413
80,181.24648
150,188.45389
144,146.28397
100,138.47995
175,178.14478
124,143.5195
63,110.46622
60,68.14694
165,122.74161
220,169.9871
60,108.0092
220,168.90013
199,130.0973
100,173.91443
120,93.12921
295,216.34836
105,160.24687
35,62.85811
75,113.997574
145,185.55217
180,176.62001
110,125.96599
44,95.63438
120,106.07642
65,86.31507
250,166.03629
50,70.28982
264,146.17421
250,142.1616
98,84.57649
250,161.28546
77,81.74793
120,118.931435
250,107.97555
165,127.53593
55,69.0802
85,68.34922
150,184.27164
200,129.65315
137,145.76393
135,115.05975
127,157.32231
65,107.7772
85,115.88023
150,156.76965
202,240.93654
150,104.90836
164,175.99089
100,191.74051
148,97.1081
77,115.61144
250,75.61081
175,103.93415
200,167.80058
69,71.11128
195,195.1151
255,211.73979
150,88.23796
130,173.62177
75,70.42163
175,112.29359
131,167.3544
125,91.20361
175,84.60184
200,175.417
128,219.3449
150,134.78732
100,204.63681
52,61.958374
130,78.64615
85,92.930626
149,101.07639
160,88.01123
101,119.95206
35,60.770233
168,91.39568
49,55.412315
80,100.2977
125,91.46837
128,162.67213
169,169.89415
90,137.51997
175,135.67479
50,67.890755
150,146.40233
100,106.04537
71,91.01168
90,88.652855
200,189.63681
125,133.48128
168,165.23659
180,149.83116
42,55.86153
36,105.73114
300,123.998
160,184.83188
200,155.15765
55,83.21304
68,142.52692
200,135.2923
135,91.253174
115,100.147736
49,81.588776
175,162.79985
35,76.14724
120,108.64738
70,84.03109
200,194.13533
120,132.17102
31,82.50844
155,158.97414
199,198.70715
79,86.04114
99,88.97894
155,176.60277
220,122.48738
71,67.03869
60,103.110085
249,147.5687
109,107.97043
150,115.34798
149,106.35376
100,140.48843
75,90.609955
125,168.99266
75,107.67077
160,131.2548
250,149.22522
180,171.51657
95,81.37525
160,121.98273
45,79.908165
60,87.55036
100,90.68526
50,104.12276
69,145.14734
237,159.73749
200,201.03064
285,183.52867
100,94.280945
88,80.10505
170,148.99423
95,109.07546
76,77.33425
250,111.088264
26,98.43217
57,77.36614
130,98.30321
225,197.58846
125,87.81832
85,132.11658
192,79.47025
197,176.63884
229,96.379425
190,156.16362
150,121.753044
60,84.96942
50,90.05195
300,195.03473
50,68.21011
79,88.70832
105,96.98873
200,168.91365
55,89.583206
100,92.214676
299,177.52617
120,100.839424
290,198.47502
75,88.656235
180,135.48505
155,115.835045
249,98.36968
160,155.51
150,112.52861
40,77.63309
131,83.4927
100,166.55142
41,68.227974
90,103.28883
50,89.94157
179,166.00394
189,123.53476
119,112.56297
100,88.84172
179,187.56795
75,102.048615
70,95.951515
46,85.433105
75,97.73946
65,73.84222
40,82.53419
50,104.4429
180,159.29356
130,90.97022
275,154.08513
150,136.86758
53,75.08764
70,79.34315
65,77.67794
155,129.04839
75,99.14097
140,158.39449
133,157.98872
200,68.68933
75,124.17095
80,127.915695
75,91.32375
150,128.51015
74,112.55908
75,62.73168
129,150.99663
67,107.12325
40,92.52219
149,134.52243
149,107.88636
51,103.83371
89,93.96693
85,93.89101
180,136.21994
279,159.72836
65,108.96351
55,81.34523
59,61.61956
145,160.64302
78,113.64736
45,75.228065
60,82.59584
100,181.60663
60,115.67156
59,74.6403
100,79.09362
255,183.21584
105,98.49509
88,101.800476
159,96.14282
199,165.50522
179,122.22664
139,151.26501
199,171.11757
100,113.6409
150,151.02776
241,110.7683
135,141.14166
75,129.97221
70,110.54946
50,92.49985
45,99.95786
120,76.6065
62,93.08806
110,140.79266
195,128.89732
75,108.669174
38,78.366455
55,135.42006
150,143.28056
110,119.64863
154,95.61193
179,167.70586
62,149.70935
255,133.81181
125,120.9047
218,148.98729
110,80.96961
210,128.77287
200,123.73546
138,126.45521
80,76.3512
250,72.25718
40,94.85939
150,167.48741
62,67.64787
40,85.89083
240,208.68909
35,83.894455
40,71.74867
60,123.00526
150,189.4625
330,180.90448
42,57.48592
125,112.229195
200,123.93516
90,176.52635
39,49.166054
30,74.36864
97,143.66217
45,80.4572
159,81.716995
100,90.17521
38,145.20525
155,113.357056
119,119.275665
45,92.60353
79,87.44919
165,94.64639
125,156.13875
200,143.42305
50,159.09482
48,52.372578
85,136.61287
159,186.6483
239,225.62424
150,154.48485
75,143.8769
39,74.6137
150,155.57237
250,166.6605
82,86.1034
120,99.497444
120,153.19014
150,153.61845
157,194.4792
160,135.84604
195,167.41685
175,103.35875
299,178.45384
30,83.84893
75,149.38014
47,49.255344
50,80.37434
300,163.34872
100,105.643196
26,47.943756
120,101.35252
99,114.98776
42,97.51181
59,103.532814
310,181.02078
175,178.44014
300,86.82932
170,95.23507
115,125.4124
120,120.92298
60,51.017944
69,97.62873
150,140.91533
60,80.10949
159,166.6697
45,88.747
49,64.835434
200,191.72008
55,70.05908
175,164.4819
134,162.43092
247,148.75812
60,98.726944
180,101.85458
100,191.73842
72,91.59678
95,128.74701
159,84.93691
125,106.24564
300,110.05994
100,56.19303
230,157.68472
173,157.76836
130,107.53931
140,149.50223
94,113.04898
41,121.606064
95,101.10567
90,136.96991
160,163.46432
65,70.92528
185,162.57245
225,126.643135
105,77.05247
100,96.8928
155,124.52131
200,145.93343
35,90.94768
155,124.27909
215,217.09647
55,90.24688
250,126.250946
70,108.14667
250,150.61618
149,108.23521
90,95.35048
50,175.04611
40,74.178154
100,89.91468
55,134.6328
90,156.0783
70,105.51448
65,115.861404
64,106.85225
65,95.15658
99,90.48979
90,119.575775
249,153.87956
65,153.33075
44,88.06315
199,118.41015
140,190.09018
31,75.535545
150,188.68144
38,162.15059
45,61.181835
48,88.350395
168,133.5326
60,94.1001
120,112.170425
65,143.4092
50,89.14073
125,172.57692
42,87.00238
140,137.29063
98,141.79816
150,155.19814
25,77.10134
125,140.9081
135,79.54322
100,96.53025
45,87.294495
310,195.48332
160,168.02026
37,82.06977
125,117.40913
39,79.339676
53,102.585396
65,82.60144
250,152.93929
69,84.50738
145,177.77017
44,90.062065
200,94.26839
75,75.9151
51,77.273506
50,100.69932
101,125.064735
75,116.817055
100,109.34181
195,175.72652
140,117.20984
275,197.6979
130,150.72144
60,73.98708
90,114.693924
69,75.43493
100,80.58583
154,157.36249
37,33.792377
249,147.70638
150,86.07366
54,63.88167
110,87.48907
119,139.76935
250,149.73856
95,112.67955
250,178.88205
125,139.43327
90,86.135056
180,80.337616
300,204.72638
81,112.001854
250,89.31357
60,64.246254
175,149.38036
250,219.7205
80,146.29501
75,134.0309
250,194.02509
45,87.37548
109,186.28156
119,104.24998
250,125.28491
150,106.06188
104,106.43982
295,155.80139
60,140.98409
228,144.5037
159,107.01304
69,98.21902
60,96.10035
325,182.18222
165,127.976685
35,80.07823
55,105.56019
295,166.55952
57,110.42193
85,114.7427
128,148.54419
60,95.169975
150,121.398834
115,171.66707
225,105.78142
145,134.62222
72,85.98606
175,130.82677
55,73.59527
45,75.07437
69,89.593025
75,94.964226
45,97.03966
150,94.12118
200,113.26579
200,157.23494
69,123.27642
85,107.78298
37,84.40124
90,174.6882
50,104.804405
155,116.066635
225,160.64351
50,102.16696
150,67.81785
250,228.95425
69,95.34802
76,89.71698
59,61.84374
200,192.26813
55,87.833984
245,152.57005
170,127.87953
30,73.772606
75,58.01682
259,205.1195
95,118.30921
70,109.07064
65,65.35804
305,150.27138
135,163.46681
150,129.46419
49,70.5903
53,108.175804
63,97.35257
155,84.15198
100,97.59326
200,154.41011
150,156.92827
64,98.13528
250,169.46732
154,178.77428
275,119.44133
170,134.34767
150,139.45432
85,142.51643
128,154.8986
74,84.100945
115,141.8082
239,103.98376
104,60.805756
70,83.36009
300,155.59114
55,87.86826
95,90.92935
100,98.52895
29,110.37883
220,136.91432
215,115.78987
30,73.58832
135,132.54204
30,189.62021
65,82.877556
220,147.66502
175,198.76846
50,93.72766
65,93.503006
115,101.83881
120,136.84233
100,103.42202
70,118.52046
100,134.6119
75,83.01239
99,69.52871
75,149.529
150,173.15506
51,85.54425
115,132.54724
175,160.08469
37,80.14878
273,155.39076
199,86.24825
85,114.32276
99,83.42135
50,98.232056
125,95.75956
69,89.69215
120,71.57475
69,98.08681
95,113.08861
125,126.53166
115,100.44145
95,132.20358
45,100.88796
225,155.87898
158,117.98799
175,110.21157
299,171.12505
65,124.24341
79,106.82481
100,135.20819
299,156.15195
199,125.52033
115,153.65633
115,140.78923
80,125.29332
169,107.57087
57,87.16913
118,123.40869
140,96.11488
80,160.98714
53,66.994
150,136.1389
60,115.76938
70,96.111305
300,179.3255
165,91.05711
35,81.00185
120,99.751785
40,76.51745
70,74.24305
40,117.777
105,115.64812
250,162.0668
110,155.22592
50,99.28542
85,94.60848
60,102.1033
65,74.867355
48,68.159805
111,145.26285
125,136.0999
145,119.268425
120,99.646255
58,103.149765
108,115.97664
130,174.44188
150,78.310844
109,84.64984
225,214.78503
140,159.54504
22,84.57271
66,108.56361
100,93.51246
117,120.02107
150,106.29788
250,102.62483
125,107.09563
78,146.29865
39,75.884224
80,85.49828
100,150.98044
80,72.472595
55,75.34077
96,147.40729
79,92.62022
280,166.16447
125,76.5306
125,99.02753
0,69.37278
90,81.35214
78,128.97047
200,103.04526
270,132.21985
125,91.68064
58,81.27859
140,115.590294
196,180.50204
100,73.446625
70,76.60162
135,94.06287
300,142.91454
125,160.46059
125,94.287025
64,66.7493
59,97.40141
50,74.51224
100,177.27908
120,138.30798
50,67.88196
78,85.27449
65,128.2223
195,118.46916
80,108.95468
130,152.14308
120,88.90309
100,128.29524
35,119.70525
55,73.97243
100,124.545815
175,129.7878
48,89.934906
50,73.73764
129,157.71754
50,75.72635
75,132.45412
250,210.86943
43,75.41659
167,129.46227
225,101.56536
90,68.028336
160,110.52477
50,110.63541
26,113.554245
50,113.40002
50,77.055855
69,85.10465
80,69.44453
70,122.26233
185,139.49643
68,168.9241
160,105.02672
25,115.031555
60,132.49811
100,90.66564
150,182.5929
135,163.51784
125,113.80735
110,172.82399
150,137.24527
99,152.53445
105,130.52795
50,80.13242
140,101.54509
215,203.43297
215,166.23276
50,157.30753
119,84.34847
47,65.15806
70,111.10706
65,112.694275
120,114.0258
200,106.6623
150,87.53382
55,80.330826
77,78.76945
110,98.8268
80,138.31564
53,106.62619
65,81.32246
40,112.01622
39,80.27219
120,106.575195
225,181.91475
165,122.96183
130,144.47421
97,79.89689
115,137.56157
120,83.923874
300,225.12473
67,173.08942
110,170.63104
100,119.77529
220,197.87732
85,77.83025
57,98.68183
66,56.538788
60,80.83224
89,80.41787
80,109.21462
110,80.434265
82,68.01967
225,102.88911
89,131.38802
60,78.56881
86,143.81209
163,166.51619
140,143.03789
50,82.5791
200,107.85383
100,158.59033
165,150.32732
59,76.6566
151,187.2603
40,82.87017
275,130.57149
90,130.88707
160,87.93324
35,56.650925
175,143.61336
241,177.21579
188,144.62717
125,97.07649
90,120.602554
159,167.74818
62,89.93223
70,74.70783
165,73.277054
125,147.39265
60,90.35789
200,129.16794
65,73.060684
100,126.17266
85,90.92035
99,112.355865
129,128.90305
125,96.9252
145,161.99501
62,98.90958
86,122.88023
80,116.87353
120,122.618004
52,83.29533
200,156.23871
40,140.63182
55,109.67112
75,81.90967
109,155.34845
130,128.64505
290,143.06201
75,132.49788
120,59.47986
183,217.41434
200,70.42706
130,84.86688
55,102.56217
55,64.30155
53,102.47412
45,189.04283
225,126.74164
275,107.2012
70,101.283966
100,96.011795
140,158.62024
319,127.504845
100,141.57057
130,150.22092
87,67.067245
60,97.12626
150,137.22327
49,124.01747
51,52.484306
75,81.318695
60,115.23481
45,112.88905
45,87.39691
48,61.873913
70,107.918564
285,145.16005
27,60.677074
99,145.25633
60,132.87675
82,144.60202
50,69.095184
170,96.26386
240,107.38637
197,105.56493
90,80.79921
120,76.73778
125,154.97331
75,106.96271
109,105.95987
75,80.640724
100,139.7623
50,70.08379
190,203.90091
115,147.78195
158,170.37328
94,121.162415
100,125.32662
90,83.94683
70,80.93834
79,78.94525
240,130.65509
226,200.77364
98,102.23639
150,92.47939
239,198.48135
300,93.75309
45,95.015076
150,136.64247
185,222.68211
60,89.71845
315,225.78607
270,145.84914
285,206.65419
125,137.22182
75,76.96249
200,176.87126
140,143.28963
140,131.78401
70,89.294365
70,74.75994
105,40.91639
80,111.80813
93,132.01886
78,61.078957
55,93.58807
68,93.9577
200,101.6245
68,145.33307
80,122.54055
117,151.3282
55,94.58463
37,135.01709
193,173.60736
300,179.66446
80,70.43368
155,143.8991
150,108.026535
160,127.429756
105,86.42819
190,128.09676
171,135.47758
59,61.498978
60,59.010876
50,66.53528
70,125.524796
80,103.540855
130,102.44718
65,114.46962
60,85.86954
123,96.35569
150,158.29828
109,148.65527
215,117.71873
130,164.67772
100,159.01358
199,197.81584
105,137.18178
60,77.40959
37,79.172005
90,87.9243
125,94.2447
120,109.432335
99,92.5162
96,71.3501
200,203.13493
105,101.00292
40,111.15875
165,128.61331
110,142.57845
90,91.07414
55,83.47888
185,164.91772
300,179.87251
125,136.64714
45,93.60993
295,144.33485
160,127.13978
174,118.28749
148,99.54786
75,96.11134
170,177.36365
75,86.80867
65,83.81898
49,95.57543
86,115.21998
95,184.7074
105,104.190834
65,136.03934
70,73.91733
160,124.45506
160,98.58647
120,117.84731
85,136.38239
130,129.54527
200,151.58763
150,171.39273
120,99.82814
32,71.95672
93,83.4
95,148.77916
35,62.03719
45,62.048965
150,78.6783
150,89.61147
69,175.61551
200,106.82379
39,108.71963
230,142.6127
103,85.97977
68,123.81466
98,152.65802
195,180.44412
45,66.4892
275,109.55981
135,109.77629
85,72.98838
119,155.53694
80,138.17142
110,163.61333
100,75.536224
145,162.74458
65,102.06591
80,118.9014
79,76.16626
50,129.29303
98,128.30142
278,169.03311
125,143.29561
120,122.58808
146,139.76004
225,105.77337
200,160.2518
156,134.36412
90,179.82942
70,68.7302
99,90.47907
150,96.39742
174,97.03488
175,159.86714
140,114.40005
37,78.04364
120,145.78616
158,146.13126
150,158.14882
120,144.87552
200,202.6564
140,74.98413
200,120.17855
35,98.659454
250,162.0973
299,205.87767
87,153.55273
57,70.27263
160,116.47214
70,74.672134
90,125.82652
180,110.23425
40,78.84629
79,86.15013
135,121.38691
135,148.22725
50,82.23269
80,122.1508
90,134.32121
30,108.7101
85,111.37173
200,181.41653
50,62.115944
99,111.01817
150,73.30026
123,122.9885
155,105.63667
37,39.213768
225,211.26837
54,91.68596
68,85.780815
180,144.49348
70,146.90115
43,137.17908
150,87.66348
30,103.00853
150,148.50926
75,155.86763
80,146.84431
100,135.52127
80,44.955143
55,99.93972
70,79.70833
283,142.16714
149,107.49009
100,61.261257
75,71.008385
80,124.287636
117,106.244
148,76.61104
43,64.69047
150,139.85439
129,161.4337
70,108.605286
99,95.57392
175,227.32997
100,145.59178
300,84.93207
60,132.53456
80,78.02515
125,107.0251
300,145.32881
75,110.785736
50,103.801895
289,118.99755
65,120.585464
70,100.25454
75,173.62572
88,95.33176
45,80.25893
200,119.52166
130,111.22639
99,69.919395
100,97.47844
61,157.6603
149,161.54556
227,203.4434
90,111.74463
270,209.26047
85,128.23773
62,148.13638
44,74.01256
55,86.26142
37,94.86702
219,179.65094
99,123.40354
75,100.32744
58,135.05519
100,106.58386
119,89.82204
70,98.60401
99,165.7209
69,109.82132
125,128.68414
62,175.21469
100,170.16576
139,192.2899
250,184.47371
41,72.762596
90,127.14355
110,161.73901
50,81.473495
250,162.09682
160,129.233
55,72.012726
129,210.31851
100,97.12848
183,168.57053
80,160.7855
86,55.852444
40,59.782948
133,122.57547
250,241.94496
300,208.45457
155,145.61455
125,91.785675
175,148.03102
185,110.58088
38,74.61479
247,225.91788
76,58.24625
57,105.494225
200,131.51796
239,171.08821
85,74.206406
100,111.70426
300,106.91084
100,135.91205
100,116.25374
60,107.62963
54,108.39604
47,77.25627
55,120.17922
65,91.62123
100,90.167305
89,196.74718
175,120.16257
75,70.1655
31,66.51972
42,62.41895
225,187.79613
99,94.74784
150,175.88591
219,115.6956
169,123.86
100,154.75253
250,160.99098
240,172.41249
60,92.3351
45,77.94956
55,156.27347
120,160.55447
78,179.98163
75,105.66673
80,117.8088
39,105.06306
105,129.25914
48,44.04827
120,170.31409
149,112.37184
50,89.58621
150,136.38957
80,59.983685
55,89.6739
89,66.91168
30,58.313446
165,82.598
90,84.63164
39,82.41395
185,200.86319
130,197.06854
67,61.228718
95,80.04661
80,76.889565
105,117.690384
40,93.72442
178,167.62376
299,171.20857
55,86.87283
60,103.18492
83,128.25812
140,156.136
135,132.85275
140,111.37857
45,101.68711
47,65.6483
120,107.917404
85,106.39804
259,194.99
85,130.44904
99,83.11012
175,65.13356
179,165.59187
126,88.13203
148,182.64355
55,73.22699
250,147.8014
70,109.5002
117,184.82228
58,91.59986
150,95.565735
63,112.38335
65,136.12996
100,156.50264
117,141.60817
42,64.47774
150,107.743
125,84.53491
199,186.65808
108,131.99362
100,83.64749
175,156.35098
49,99.14958
31,89.136955
120,136.74153
300,160.36343
60,95.29605
92,86.05077
258,126.87797
135,101.999664
59,108.247505
245,189.6566
200,196.97752
200,153.06847
59,81.92461
150,111.65834
129,158.13568
70,92.58112
128,155.23788
80,102.545006
275,144.95442
100,124.166466
160,121.54348
130,113.88626
89,129.06041
249,209.43262
175,84.852715
55,63.39782
100,134.9458
175,168.2302
85,89.91758
120,132.5212
80,108.12725
100,83.498116
200,138.83401
50,101.12499
57,64.41195
189,195.59033
125,103.054855
140,194.94572
79,151.78441
60,147.19963
47,87.647285
274,243.41579
150,66.868675
60,71.9759
120,113.331375
55,153.96928
75,95.90498
145,177.7582
69,78.335106
180,171.37373
189,197.07661
50,65.50235
150,108.852165
150,97.26449
150,74.794685
48,77.14883
49,74.00587
80,139.97493
200,84.10041
80,116.94294
50,94.18846
86,134.13289
135,116.365326
42,61.493336
125,143.56477
200,125.2023
190,244.69508
60,91.246574
140,118.16818
55,120.020706
120,79.287254
79,143.31068
69,75.9662
73,194.8712
120,105.01593
75,96.09155
250,146.75317
64,140.90411
250,152.31152
80,110.95799
86,134.52037
109,84.33489
165,139.12225
40,94.269585
41,83.54071
140,108.970604
100,108.35654
300,141.12984
199,172.24902
50,81.68701
74,161.0106
50,102.519
70,100.80836
120,176.10852
105,171.5361
105,255.57353
40,66.79952
100,123.04161
75,81.75262
125,167.95847
50,89.66544
50,70.951
44,91.79298
48,150.64035
101,88.65326
65,120.06314
85,86.40401
45,99.612366
125,121.905075
51,97.07201
100,123.88667
33,117.28359
129,103.34176
65,90.63549
130,171.23093
120,56.216927
200,98.090904
110,95.787155
65,100.88528
89,133.14381
105,89.69999
150,91.68935
200,196.01578
175,210.87927
73,108.9191
42,75.12658
105,150.15993
150,115.95284
110,113.87516
68,84.0854
58,113.280396
35,91.937164
55,98.75825
45,84.088745
135,129.31311
129,114.88718
314,191.2048
100,112.03343
225,234.52338
166,174.48567
44,91.98346
60,57.56953
90,147.52762
185,144.61766
120,141.25552
99,62.152367
150,96.187294
55,85.07609
48,73.68938
49,92.937416
100,145.75177
50,85.13488
60,76.89667
110,72.8934
69,122.26247
45,104.23727
50,125.34312
120,138.50508
140,160.88956
190,92.96204
165,173.88228
150,80.83783
105,140.76569
170,117.279076
95,133.22025
95,159.67903
150,117.011795
90,81.18962
135,157.22089
170,182.72598
90,135.7915
150,158.74658
200,155.4035
75,80.27461
150,92.60112
150,125.924484
70,140.67691
133,107.750946
81,161.3331
60,87.272064
150,148.94377
73,80.581474
80,116.87301
40,127.90817
55,81.525734
155,158.16736
40,80.84051
150,128.22882
65,83.89807
95,101.366264
140,52.540222
48,66.00764
250,171.95203
70,101.35871
150,125.49132
89,133.50146
40,77.97067
75,120.255226
40,79.720924
210,173.20001
74,75.5893
180,202.20938
45,119.470985
195,190.17032
65,93.53161
28,67.36705
199,177.14998
50,53.339554
60,113.48929
185,145.01709
150,123.22867
300,107.09784
275,126.47882
200,171.81992
40,82.49757
90,174.31937
35,68.88936
89,145.06737
250,70.26833
135,139.43495
50,82.922775
45,94.516136
175,131.61275
75,123.178185
71,111.15313
275,152.13011
75,121.84077
275,215.065
310,227.77873
125,118.72119
95,160.57246
150,81.48983
100,112.83426
175,186.05176
130,107.47494
75,108.25328
50,101.75527
43,88.765594
175,202.17493
135,156.31593
239,188.91757
76,70.693756
50,75.54896
299,204.96509
80,89.16556
66,89.92058
140,138.20563
205,135.1958
69,99.36212
85,120.68177
225,139.44205
270,100.78953
35,55.862648
129,127.26392
60,85.653305
200,178.30388
69,80.0889
99,128.5055
65,107.652596
79,111.22458
100,118.60245
79,164.81313
70,98.149345
90,148.55385
85,128.0706
80,137.25542
244,205.33568
150,144.41496
43,85.75947
54,99.711235
220,152.31136
65,82.07922
99,86.31356
150,155.56691
168,108.28412
165,72.47698
72,49.368916
140,75.79378
199,235.3367
109,92.78276
60,78.45109
115,152.50232
150,91.86587
297,183.31903
40,67.210335
49,59.62183
85,71.95501
170,94.95908
30,108.85517
300,207.13908
250,179.32393
199,158.05579
110,151.73926
85,103.749756
325,111.02185
75,90.92815
49,80.23269
105,61.67579
80,168.3463
59,77.04101
90,81.69283
100,106.764656
75,93.51056
99,180.4046
38,59.50837
150,131.85257
50,106.07081
95,126.62201
220,127.043335
55,62.131077
200,106.399994
179,153.0069
158,146.04483
51,77.29641
70,130.68364
46,104.291794
69,84.839165
25,94.04379
150,104.503456
120,133.09503
79,93.673485
100,130.046
60,117.30539
60,75.32751
89,148.58186
245,161.7513
50,82.88975
45,64.15926
300,138.37706
85,131.68027
159,206.56706
79,131.19379
91,111.76574
275,95.27156
59,113.84708
90,121.45373
225,156.83385
119,82.79237
199,87.57473
150,200.97537
75,94.54405
200,139.92853
99,150.25816
135,113.23741
101,81.97077
70,79.36033
105,77.14121
80,127.17439
53,189.8561
199,148.23802
119,170.32936
50,83.21717
75,79.28199
299,139.45615
180,152.81822
37,73.3735
75,66.058914
99,114.94839
60,85.77542
120,87.28377
100,112.543304
52,117.91447
150,120.12557
30,78.78443
110,91.589935
89,128.23259
200,109.70743
124,130.92476
199,135.26926
50,84.96196
55,68.83399
37,106.89165
50,113.189
60,51.507942
42,101.49463
35,67.22505
45,74.53309
175,159.18538
45,77.30278
70,101.73205
47,94.582756
125,77.83319
100,79.89654
54,49.40044
125,126.58586
120,105.24575
120,182.52684
84,109.40317
78,116.486336
200,147.93686
45,107.99654
100,135.37195
148,163.81926
100,80.49054
50,59.952633
234,113.21669
200,143.91565
55,105.725975
200,92.0247
50,93.0522
210,134.74762
100,97.97619
100,131.98631
50,81.35758
80,133.71385
70,85.95234
120,80.75892
50,67.79408
99,90.65778
70,93.5058
40,81.74076
125,165.04793
170,116.994576
60,118.74119
155,130.0248
290,155.02287
90,104.793686
90,103.20291
69,163.03957
265,116.755196
100,141.69682
102,160.28786
120,115.752365
215,181.16544
59,75.330215
280,130.68936
50,118.25095
100,81.75315
32,81.35271
90,136.0186
70,139.57214
260,149.39226
120,57.002605
195,149.20717
130,94.48799
250,141.97293
120,110.8375
55,87.51139
250,164.48174
150,137.38797
45,70.81243
98,98.70183
50,64.45775
32,100.3295
120,84.39531
200,155.77287
85,117.855
225,106.96206
325,156.50168
75,116.70742
179,95.01564
245,141.58997
185,126.490715
78,116.41515
150,110.286415
169,104.34178
100,133.47993
60,73.39072
65,138.82968
90,109.8171
60,134.30923
52,92.00573
40,87.580025
90,116.63133
72,134.12373
65,87.545166
90,66.488266
200,142.55733
150,103.13198
100,89.43481
290,200.66199
87,65.94214
50,58.964394
75,157.8214
100,99.223076
40,45.978695
75,89.27446
100,139.62956
145,99.27053
85,94.624405
225,189.49988
60,76.48867
220,184.76842
239,204.01982
44,81.32169
65,88.93391
325,186.58005
125,89.64354
186,145.53215
40,75.48439
110,70.56801
150,94.45724
205,172.18835
100,79.29432
55,60.506687
159,118.07384
125,99.08151
125,183.31804
50,103.471054
97,94.55464
300,112.42664
200,140.98248
68,104.64764
325,177.95317
251,144.16142
200,159.71727
80,150.2533
120,70.26699
175,172.60924
225,206.0679
136,106.833496
100,182.83061
85,113.193695
150,82.959946
125,92.90775
110,132.7312
79,74.21821
190,198.75865
170,166.64319
165,200.7298
200,130.98605
225,173.58128
75,79.21876
118,113.94308
100,175.78377
34,59.40853
145,147.86656
73,85.64823
45,49.462944
160,154.0715
120,108.33707
69,85.7432
62,77.12116
45,85.405785
160,156.78523
125,137.11104
140,139.61124
100,81.17298
100,100.53319
265,209.8507
55,71.08617
90,105.561325
100,127.951836
55,97.98215
210,150.48784
100,70.993385
75,111.2653
190,166.25726
187,153.54623
55,94.67144
82,84.98425
48,117.20418
250,103.0527
150,116.52618
139,142.52658
150,122.764015
68,91.06744
160,121.84772
45,112.191956
75,70.55335
190,160.39479
184,139.67316
95,81.36211
60,106.10769
179,195.21565
200,130.58636
150,133.63533
150,176.97118
95,105.352165
75,113.23745
165,97.95772
125,138.93495
65,101.292694
50,86.65026
55,123.05844
250,100.89767
180,116.93573
285,205.56462
70,79.92641
100,145.43271
199,147.09581
90,98.327255
36,68.07372
175,132.06082
198,144.9851
60,92.508446
85,152.33105
45,72.16421
229,144.31259
99,74.870026
170,172.36533
97,104.51585
90,125.9908
46,60.563126
185,128.83305
49,96.804016
180,145.10818
80,81.01761
165,145.26303
110,139.94556
60,111.724304
70,107.749016
33,71.9304
95,111.20499
220,146.45352
70,105.75373
70,92.71602
120,117.86613
115,115.82718
160,183.34651
40,99.482765
106,144.24065
55,122.13485
208,140.05545
200,117.765205
40,75.52537
95,139.93268
109,94.382385
40,116.39264
178,112.065636
99,193.24283
140,164.43953
140,72.00947
33,61.80801
300,118.36783
215,166.96053
300,156.17455
89,215.25119
85,72.40877
65,85.60529
110,112.780754
40,63.791286
115,60.673508
63,159.26726
100,107.47985
320,158.69016
74,104.42236
190,191.79662
125,179.09972
190,200.49976
100,146.60635
75,168.60828
25,91.00999
45,66.14966
136,99.12237
45,111.1179
70,114.37067
150,147.58113
91,70.15738
95,135.69829
210,262.90103
199,122.37815
300,124.18879
85,76.04851
129,133.77905
200,108.05665
70,114.60994
140,149.86896
119,151.69872
100,104.5262
100,136.84944
59,95.84994
69,112.772835
140,176.72797
100,122.03653
40,107.33881
100,150.57451
85,101.65518
55,96.12773
41,51.87554
40,52.622204
55,113.237015
100,100.87724
60,138.25897
214,188.77733
140,138.23201
200,118.27008
99,158.98634
225,180.36143
95,150.98283
200,158.52197
275,148.66148
75,109.83947
59,118.55809
249,140.6276
84,96.98091
200,155.73145
220,199.32654
69,84.86635
130,149.80353
120,118.726326
145,94.14395
222,187.94333
275,186.33743
55,62.648186
95,86.50583
42,79.037125
120,191.10692
90,85.55124
42,102.20555
225,150.42474
100,166.2278
180,136.22731
100,101.69434
45,77.41008
200,137.60593
30,62.645206
225,94.61174
159,141.43056
80,86.66144
186,128.24226
205,157.23802
250,180.67897
159,124.59474
210,202.21086
50,72.76596
61,140.1665
175,180.40999
250,121.18248
249,83.25642
155,99.370026
265,174.23273
245,136.6061
145,104.205795
85,88.968216
69,79.11491
30,69.71256
75,114.5269
75,60.225758
290,204.81721
125,63.487797
175,203.23918
159,133.26854
83,105.17332
39,92.251915
199,161.39433
230,153.47517
150,138.97183
185,152.69688
132,109.95183
120,99.28171
100,72.39321
45,95.563614
300,85.2196
125,93.34933
170,152.7695
180,168.08798
85,88.48262
65,72.1881
140,112.561035
180,84.34586
125,68.19305
65,188.13911
61,85.1534
195,101.40332
332,180.11519
200,73.75068
240,126.40415
118,96.24061
250,176.08197
175,183.72891
38,79.88224
110,137.0524
90,169.82748
205,145.87169
77,72.04171
70,79.67891
135,120.068535
90,134.3241
300,155.12994
100,77.27977
160,162.84683
70,95.72828
89,112.18055
125,149.31277
252,205.63455
47,139.54643
40,80.335045
170,112.28286
79,91.488716
58,114.8972
100,179.67897
70,69.25052
90,154.98795
250,144.80869
60,86.997894
64,136.399
217,140.05054
30,53.4842
250,156.90167
99,117.598816
150,80.81563
120,125.71696
55,60.657
120,132.98093
225,103.455734
50,58.84194
55,73.02094
79,82.163765
46,67.46612
117,147.31805
280,175.49422
60,82.13526
99,40.083023
90,109.66615
100,69.879
138,139.96004
60,89.03405
259,176.21834
150,170.53462
88,67.259445
170,158.8612
100,128.77153
143,161.7089
165,144.96655
48,80.92443
156,132.49083
210,189.52855
150,90.73713
92,153.01418
70,98.42214
75,154.48961
137,185.70062
75,88.71327
105,86.09695
39,76.41997
50,103.65639
75,96.174
56,114.29449
175,140.25742
60,87.14257
199,163.30219
50,95.59381
145,112.41395
149,91.005066
100,152.19774
95,125.168205
100,168.82631
254,183.019
200,101.58108
35,107.13336
99,158.41437
49,76.4064
179,209.8161
80,88.78205
25,79.19034
150,190.79918
75,94.543
160,119.01719
60,174.51395
32,67.07795
70,107.90718
150,83.231514
62,76.799484
140,101.17092
79,115.24594
51,76.50403
133,167.237
198,193.33537
80,100.2164
100,96.34163
45,139.5284
250,110.201004
45,87.12238
125,95.057175
58,146.23273
149,132.07103
225,157.86137
55,80.7372
60,199.24016
72,136.30513
150,141.07567
12,86.10166
250,156.72383
65,148.1322
40,77.23802
35,59.357067
225,140.72525
80,142.515
69,85.630585
39,120.77103
40,105.568634
228,220.51526
100,103.780365
100,70.48708
185,154.25598
250,158.92291
215,225.24098
200,122.48654
60,150.16072
85,76.02261
49,73.18044
150,108.14995
200,121.921
200,179.26773
199,162.37846
70,81.488556
85,179.67673
62,79.34344
68,118.65664
80,137.62292
68,99.211006
172,170.92575
275,116.73613
33,31.571518
37,137.07648
300,140.5782
219,189.7639
150,143.87904
65,56.714252
160,133.54431
125,84.72663
109,124.58403
249,119.688614
150,89.859695
100,97.53214
143,158.02986
75,76.297455
220,152.40038
105,83.075645
150,147.3731
150,121.25139
255,173.80415
136,147.57625
300,161.19078
209,184.06238
50,96.143486
245,181.86052
298,139.33463
100,96.13174
80,120.84087
125,124.27971
70,96.29254
250,183.19151
50,94.737
120,182.53755
83,92.093445
120,158.7839
125,111.77414
120,111.418045
150,150.44148
80,66.20517
115,120.31557
100,107.21159
199,160.02614
99,153.86949
75,85.826004
200,128.69858
99,168.2931
200,128.0397
75,55.177856
160,167.62265
150,214.48413
80,90.72371
300,129.13686
115,111.4716
74,124.5997
220,115.114494
70,96.7919
150,84.42843
300,200.67825
132,76.58119
239,222.76437
50,119.11265
249,197.9054
113,129.74005
134,111.49161
110,73.228935
150,169.89105
60,147.78737
110,65.55154
249,157.56386
68,82.321396
70,100.253876
170,111.301865
165,179.62032
189,162.62033
75,71.413414
145,88.14084
199,166.4729
250,191.9435
80,142.18987
198,155.15616
90,155.10948
70,148.77051
115,87.584465
120,96.59883
110,160.60797
160,154.1655
170,123.33647
130,117.97789
120,111.437096
59,95.81835
135,87.438736
101,93.04154
35,62.96934
125,81.43897
106,128.53165
249,166.68773
100,87.28815
150,158.18819
69,86.10868
39,152.62325
74,95.36447
100,102.12502
69,131.26001
20,131.05754
80,132.33524
200,110.80104
207,132.00623
249,152.40959
130,101.82076
75,108.93625
100,87.20102
48,112.530426
130,106.832634
40,68.82111
60,86.799706
70,165.40825
160,138.20255
100,176.18413
98,75.33554
99,95.67241
130,126.37757
70,75.24823
113,115.30067
129,103.06632
80,99.13099
175,184.86665
99,110.199036
120,132.84705
141,133.96855
170,133.52142
50,88.90686
45,98.14421
50,101.65432
125,89.691315
210,146.94968
150,175.93405
85,153.26251
195,174.55176
53,74.721756
108,95.05422
250,99.54358
202,84.47295
60,123.47274
150,212.41025
230,139.76068
165,91.80505
54,74.01927
80,67.06948
90,95.140816
275,155.64534
288,100.11707
33,87.494606
165,141.33546
70,89.57761
55,115.18818
49,69.00534
104,113.4195
71,110.85442
150,182.40741
250,179.83157
325,149.13007
79,96.30976
51,64.335075
53,86.35478
160,134.60974
52,96.636
33,73.92507
95,170.6923
125,137.6751
275,178.11378
48,100.20194
60,104.99237
33,131.35796
120,121.00041
100,135.59612
125,80.84166
115,64.13442
50,70.51753
239,186.24924
85,113.677925
180,164.96193
50,113.5536
150,119.08964
90,152.88881
150,172.51335
289,197.14636
55,94.33105
50,91.98213
60,69.59623
180,130.05513
146,140.65846
128,173.11726
170,173.79826
80,138.49265
85,93.30908
235,95.35204
60,100.230385
60,76.23448
299,189.26811
199,132.27818
94,157.8779
100,114.23023
150,194.09914
80,153.71211
185,146.1708
250,192.38141
245,263.95776
49,82.966896
70,66.92947
55,118.64831
100,155.73755
95,169.99397
50,77.68178
30,74.54912
225,153.40288
79,98.302704
68,76.43639
255,163.76617
170,131.59642
50,89.23135
125,129.70221
55,143.48207
125,157.61794
325,194.24533
140,153.23743
125,92.659546
126,86.17691
163,112.23864
60,83.76468
78,112.73378
249,220.12103
200,78.61741
40,84.05488
45,90.047844
40,74.29135
75,99.995804
80,104.40121
120,167.23764
175,194.22456
99,129.06204
58,156.78386
190,86.710304
269,190.00046
120,97.042854
130,152.87325
100,121.48214
95,122.0245
85,106.6195
49,112.11664
80,65.21888
29,67.995125
159,164.61281
138,136.7405
300,154.58531
53,69.66213
260,102.27127
125,185.59338
155,171.67198
89,150.28491
175,149.84648
247,135.49365
100,74.85697
105,178.40189
300,149.2727
29,87.34873
27,46.856544
225,101.04416
70,145.3193
115,78.63376
55,110.1311
70,130.12457
100,127.91878
85,86.15729
60,84.49568
38,101.98885
90,135.72743
125,120.63882
67,124.33502
60,76.511185
120,127.71696
85,180.58499
62,83.23886
80,87.843544
150,119.72185
89,88.7199
100,88.455574
40,139.54973
140,105.91122
110,89.67235
65,73.02358
36,92.628174
150,183.95322
229,211.569
70,93.2565
275,189.77423
85,78.079094
40,78.27099
65,95.64619
80,76.65869
65,112.647415
75,84.20738
95,147.58864
149,89.975655
150,147.87595
160,126.1393
149,106.58762
170,151.50914
115,85.56259
110,66.63342
247,145.09688
230,131.51332
182,201.61966
40,64.6523
150,138.78049
90,194.2812
180,159.2657
170,144.74095
85,136.30063
97,101.91423
47,89.655136
149,152.8797
150,106.18445
240,188.80836
69,134.86972
115,115.360756
180,139.14708
50,87.904816
70,98.44876
153,130.41624
103,154.64375
160,127.489174
300,106.440025
149,154.12543
100,138.86705
180,129.87537
250,135.97777
145,151.45229
200,162.09996
59,86.56722
99,121.81913
49,79.19168
55,94.80793
90,95.18604
60,82.8045
56,92.333244
179,171.35178
200,88.92979
300,191.31084
135,205.02632
75,114.157425
50,110.27997
55,115.65705
170,118.512184
39,72.009544
46,106.28135
50,105.90077
50,84.59432
150,177.95607
150,46.44516
41,59.939873
85,110.22763
140,110.17876
59,163.52542
120,165.40123
40,74.10093
85,115.39007
40,66.20537
55,63.848843
38,87.44547
150,129.33412
110,51.55968
90,136.0515
225,164.40744
315,115.33154
80,152.32896
200,176.70567
100,182.93964
70,105.625496
67,69.604706
250,164.90698
140,78.558495
64,84.36789
180,160.61058
80,82.03177
100,156.91357
120,67.48924
75,110.596985
55,121.600204
250,169.33453
250,186.39821
250,88.53194
90,119.87944
190,115.98518
50,140.23477
225,93.063255
55,77.156006
84,144.86217
125,141.12073
70,93.93296
70,121.972725
125,93.13216
176,133.19595
92,113.832115
110,126.42022
110,84.32003
175,158.33772
200,89.83985
60,79.42425
89,120.292244
80,111.55083
150,100.34744
145,135.71815
150,125.99367
235,177.83913
60,83.9034
28,77.06953
29,70.8518
85,83.68012
80,156.28006
220,138.70834
74,103.907455
50,130.59404
60,121.33247
47,139.19405
60,91.67589
42,60.400852
90,71.61132
69,77.22609
80,112.023705
172,147.07175
120,116.28989
180,202.78905
178,78.761086
115,128.58896
70,127.22612
65,111.9546
50,71.37871
250,213.5568
119,132.78314
55,92.11226
299,124.44147
90,149.08476
250,157.97418
175,153.75452
167,139.99017
140,145.73302
40,110.19297
47,85.4888
100,124.906235
65,138.37292
90,131.79414
325,144.44403
75,159.8828
62,127.06343
225,104.0024
60,44.266365
64,99.10403
185,163.04424
50,74.16495
270,195.50626
150,175.86145
78,77.12476
140,116.29561
70,82.677216
75,79.394936
40,85.59062
70,135.47078
37,74.72609
60,129.10944
60,86.43183
298,167.41026
68,89.49324
250,184.7349
88,80.03814
85,97.13053
150,109.11511
175,180.90115
40,74.3844
56,155.24481
199,111.788506
325,97.12861
63,129.85771
110,136.59718
100,166.16962
60,153.89188
80,90.17222
88,216.48537
60,89.716736
140,115.81945
67,114.29749
50,46.82873
130,157.17061
149,172.13872
236,225.64156
200,79.94666
50,62.854908
156,158.21324
200,92.8109
16,69.88172
66,142.78848
90,99.75195
185,175.65883
80,114.85976
250,150.39835
300,138.39642
50,97.83519
78,146.11627
95,135.3715
55,144.38605
49,100.093864
110,78.37091
35,103.52161
25,54.068264
99,143.20213
35,54.296314
116,135.95119
115,91.97001
60,136.1778
45,66.01611
41,129.8859
45,68.52412
175,153.98183
80,148.4837
45,134.0368
47,54.767212
115,186.4327
150,153.58334
195,144.64731
92,158.54073
49,92.25918
210,115.72419
69,94.58717
60,87.12489
65,170.61174
49,73.35284
95,113.589806
140,102.46093
65,121.52616
50,133.9198
150,147.61893
300,168.15868
42,144.35277
70,108.31639
34,107.61668
240,177.8562
49,90.54949
114,95.864525
89,171.5568
33,74.26871
97,81.300545
99,85.63673
235,186.21259
65,144.19492
62,106.29151
125,127.29889
70,130.58461
39,75.28856
42,78.217445
85,90.105385
89,96.632164
200,156.11632
249,212.85693
60,94.90068
95,140.46617
80,87.08803
100,92.65874
45,124.49151
150,90.780716
300,214.93976
60,135.52808
70,177.28203
145,120.21534
259,193.36049
50,101.532005
99,83.92115
70,104.64552
115,82.45322
245,185.00577
250,144.84924
175,86.69775
40,102.60182
220,181.0369
55,100.69513
60,90.33599
135,170.56496
85,148.30652
65,128.42403
155,130.29509
74,158.57182
110,95.312325
300,201.21614
180,180.7959
80,101.629135
70,90.249016
270,139.79219
169,112.95125
135,130.27158
50,62.313503
42,60.28324
220,192.3297
190,187.57256
77,113.275665
70,113.98989
35,51.48455
116,184.88142
130,179.46684
125,138.37495
49,80.124535
142,168.70775
35,38.55536
140,124.752235
80,116.605446
95,94.832
197,88.454704
120,169.37611
184,64.09899
149,158.22632
85,121.707726
120,152.27725
295,174.1923
95,65.561584
85,88.30329
83,95.41922
250,100.4498
68,82.00746
60,115.63973
147,179.09317
50,89.68038
45,91.39388
130,123.25438
35,63.104748
130,123.68862
113,173.49419
65,122.69084
60,90.432175
40,64.95667
50,57.58443
225,157.56364
45,64.05304
115,123.00441
250,98.40789
40,64.11308
66,114.03369
125,134.96515
39,87.47577
225,144.23918
150,140.05191
60,90.83792
40,77.405975
100,96.60151
195,153.90245
250,150.5185
152,75.632744
167,157.82492
201,188.56628
102,138.8124
140,151.97853
42,50.095493
135,84.09874
154,196.57574
73,72.33311
80,88.55689
100,118.37094
250,157.01219
105,133.60942
120,93.63477
40,81.833046
96,107.902405
250,161.97437
250,160.0929
80,150.5652
150,166.57782
235,130.83698
189,159.85419
75,142.47832
71,136.9908
126,157.15944
68,109.035446
165,94.022575
48,94.954956
160,149.00888
50,88.386604
45,81.78595
38,58.304466
73,75.989204
75,130.06836
60,52.373474
80,118.61487
249,175.53432
150,195.8776
265,170.05388
190,175.3377
180,192.96396
150,129.89766
60,98.775665
100,103.364174
170,126.115814
225,164.25645
120,105.54481
295,220.19872
70,88.121376
180,162.66805
189,101.90186
115,131.24438
147,136.89922
325,167.05672
65,81.21178
114,171.18132
115,160.69873
200,171.3388
290,167.25986
243,179.22914
69,82.0765
99,98.46007
190,90.63347
135,94.96809
180,129.2582
69,121.08266
100,102.409996
195,146.1841
68,88.986725
77,97.25446
165,144.86964
150,173.91446
50,109.89999
244,135.17384
150,158.86479
120,137.3771
135,166.11812
150,171.56764
70,87.342316
209,207.85623
190,196.25249
140,60.80707
139,204.8165
140,163.9003
150,177.97032
100,150.03741
85,89.195946
125,163.92383
140,121.18039
285,124.626656
150,188.69878
60,96.3214
50,75.632034
299,144.67677
50,103.203514
150,100.38153
90,124.51035
120,174.69615
120,140.70964
60,96.21717
39,100.752846
130,165.49277
107,147.04114
69,135.05444
110,172.26361
115,89.31788
140,166.13559
64,46.04042
100,208.49718
30,89.93507
90,88.69404
149,155.00215
80,136.07494
129,96.893776
50,99.34462
125,105.53964
125,129.88585
110,88.600655
175,131.7078
98,165.82689
99,104.05109
65,83.54099
95,167.35663
100,98.12001
210,197.26039
147,150.39693
250,196.43556
70,92.64742
75,100.40597
275,117.30289
150,94.13899
220,123.66278
50,178.3885
95,92.1682
89,108.2711
150,122.886955
308,131.37076
165,111.36983
40,101.18817
120,106.87485
100,127.50441
325,184.32423
45,95.66971
137,117.381386
65,91.4913
48,47.739407
105,112.34396
110,118.249664
150,153.87614
175,115.11686
65,91.97544
78,107.29149
175,144.31735
200,118.91725
160,111.33786
150,130.45609
120,133.67584
150,183.86685
250,165.87436
69,90.113335
158,128.29947
101,66.37081
180,76.3611
60,131.94879
155,150.2956
82,87.46969
220,153.00148
179,183.18433
125,87.38645
104,72.09616
99,74.00615
65,155.02652
48,103.94604
130,205.27461
80,87.24943
85,92.68987
168,158.41824
76,146.18146
108,133.65146
50,72.150085
60,117.396126
190,156.79279
179,138.40823
174,97.38863
199,176.5705
209,91.13001
80,81.74049
210,188.36505
150,143.08072
110,116.44982
75,72.62541
139,159.4182
280,178.38873
96,96.41769
75,77.6974
67,117.066734
109,90.09584
70,115.71254
175,92.17858
220,136.53465
61,85.885994
85,118.38274
35,70.49113
190,144.6186
199,116.31451
90,215.99426
50,77.07809
49,70.37567
100,117.50239
120,109.23176
42,115.82367
72,83.24671
110,193.6203
170,114.55481
66,89.50261
125,133.33289
75,72.09538
125,123.2887
135,65.24382
85,66.05598
150,118.57566
40,70.425545
179,174.11316
90,70.157845
20,52.930653
95,81.60569
170,147.77043
170,113.964294
175,172.56325
101,92.15296
79,146.67372
200,136.10728
35,75.76083
130,139.50014
85,118.57232
46,68.599335
77,87.64441
85,78.22849
250,99.35679
110,108.02476
118,92.55525
68,84.903915
125,84.91946
200,191.53848
150,106.41182
190,94.432816
115,140.88663
45,95.16799
60,95.87421
50,104.604454
150,124.760025
125,177.45023
28,77.667915
159,137.81252
65,107.124725
159,89.79523
280,126.382576
295,167.44012
85,92.36813
150,132.8996
180,217.5111
249,169.88577
80,113.84204
130,101.78222
150,137.39857
100,86.843895
150,128.77103
110,118.45844
175,166.3683
150,111.3926
81,86.39733
329,183.69438
84,100.98444
60,99.15958
28,74.813286
43,45.93698
79,71.099594
180,121.99632
149,155.85117
100,91.486664
83,114.83109
125,177.80737
55,124.77616
170,171.43915
150,150.69205
184,116.44238
140,110.22794
85,84.657394
220,96.10939
278,128.21289
59,66.31039
65,68.87303
99,174.64687
74,88.51731
95,67.782166
35,116.04417
150,99.80734
148,133.78847
84,81.509315
60,68.34963
55,69.37135
90,156.35855
133,174.42271
65,176.85214
90,61.771248
210,199.4334
90,84.67225
63,68.39487
225,158.37386
60,78.879906
180,93.00228
48,61.685387
125,112.99347
60,138.70465
295,91.04006
200,125.24786
110,147.42502
52,75.13149
172,157.39943
220,186.38751
50,105.790306
97,157.18094
40,87.415886
100,85.759254
110,93.55406
145,161.76854
150,108.698814
49,99.459366
27,98.000534
125,189.81525
85,142.4328
125,121.92999
100,112.892685
194,203.22256
40,113.468254
35,85.13616
75,154.00867
65,123.398186
55,96.078094
50,66.80826
169,155.7843
135,142.53357
90,96.16971
50,92.24529
120,108.27958
99,137.16353
100,114.942604
105,119.740135
120,159.9154
100,157.93582
55,75.456215
172,109.16351
205,161.14705
160,161.05008
170,185.62354
250,91.79026
225,160.04092
70,75.789696
79,104.62608
80,67.00801
60,85.39291
125,96.190125
36,72.5805
80,71.52849
65,106.274
78,67.07196
69,124.37577
80,110.0889
125,133.86047
199,185.79762
140,110.95638
100,124.92578
90,85.108376
63,104.406784
200,150.34268
97,93.11458
99,108.15195
50,53.722965
120,132.44775
160,84.915344
50,72.77136
250,133.48431
140,161.34242
55,78.995445
160,93.07713
70,71.98944
159,88.850136
120,201.46884
85,106.840294
209,147.39209
79,82.3758
80,76.09848
47,79.692055
50,101.713745
65,92.112335
55,70.621155
115,173.56627
70,101.78382
100,166.33037
150,105.86432
150,90.50321
35,88.21282
100,122.365486
262,96.49587
75,111.468544
65,136.02849
130,119.08986
100,149.41342
103,167.98195
69,87.13075
120,109.00383
225,170.62062
130,136.75891
100,125.791145
145,133.82504
200,155.56943
39,112.37551
60,79.577156
90,181.02971
70,120.09891
139,123.5363
75,141.65866
225,93.33701
249,116.83002
50,85.11426
230,142.93352
195,129.42497
210,261.48233
125,107.686104
245,105.014755
145,85.17092
45,68.21967
34,93.60991
50,67.54214
65,61.256847
300,107.78422
70,88.26501
56,92.965744
185,93.601135
85,39.08535
165,167.09274
28,68.68848
63,105.0049
60,72.4691
172,176.95955
300,165.2898
125,169.68123
51,122.55646
78,150.91582
134,120.02354
239,194.52866
85,83.00871
35,65.91522
300,154.96681
64,118.02536
50,97.17107
80,129.09398
250,136.07123
80,157.37099
100,149.71844
141,152.8104
20,78.11042
150,166.97443
150,163.72064
60,68.66442
149,147.97214
170,83.030594
112,78.56223
100,86.990685
65,118.23576
293,190.50218
68,67.14209
130,80.5393
75,95.601105
60,116.37551
300,174.30371
275,140.74687
85,107.46087
75,64.49023
53,113.71863
150,143.60771
275,137.17711
33,66.326965
80,109.18767
135,111.837006
200,95.493996
179,199.88841
300,230.41168
75,87.659164
69,149.74759
90,160.06007
100,116.953964
40,93.55376
290,216.06549
90,80.36025
120,121.96233
110,102.23221
104,151.19624
85,84.713326
35,55.660664
139,177.9205
150,157.57661
160,167.72604
38,103.27464
115,114.7432
199,170.8666
275,114.81066
65,102.313805
149,147.38194
110,138.37337
225,175.73265
79,91.60878
130,89.80173
218,174.04893
44,80.782074
236,223.15804
169,167.08914
100,186.79228
65,172.04457
59,109.86026
54,95.28637
150,139.57173
55,79.864204
100,157.52415
90,164.68266
96,135.91266
80,81.25308
250,168.32803
100,94.124084
54,94.00105
299,174.9708
50,81.458855
165,129.02202
80,77.48788
50,84.400604
125,75.04051
125,143.10873
30,66.414795
70,84.2634
75,68.250244
110,150.74814
125,99.52472
125,141.66756
180,90.18929
160,95.56456
300,123.16389
175,115.0887
100,84.030304
121,121.328735
150,75.24914
199,168.8065
120,210.99101
140,142.29736
60,76.25623
53,103.92958
75,132.51727
200,110.097786
65,145.16946
91,136.41403
130,143.09045
50,83.04985
59,67.40898
300,197.45593
55,102.27457
150,161.73624
40,63.0091
25,64.01041
150,139.32596
129,118.66252
225,196.63617
80,175.77725
118,65.165474
45,84.83661
240,100.488594
42,37.417698
109,170.27681
75,68.51737
200,115.04209
35,121.51894
238,169.7415
150,113.21469
100,140.1293
140,137.94026
100,119.883026
50,75.07324
150,144.58727
200,89.398926
140,127.34443
99,85.7708
85,82.94804
50,74.57335
135,140.45369
55,123.57351
140,178.86754
150,83.434074
75,103.89077
75,68.06587
139,131.1288
100,78.97773
45,81.32209
150,173.5283
99,153.00218
50,104.77856
69,88.370346
65,109.989685
45,122.350685
44,104.83583
245,123.973595
150,96.59179
198,187.76666
60,119.3416
225,105.302055
36,77.82804
150,219.13228
150,161.35384
65,93.96221
72,122.914856
89,102.18361
165,125.62703
110,181.22392
135,91.14239
174,164.28983
70,83.82485
58,127.02437
95,177.41965
50,111.395615
95,94.42368
44,97.51923
200,174.55927
65,122.42556
199,150.2709
130,128.76442
161,163.65356
150,145.24489
200,98.74587
110,113.19824
95,118.97085
64,49.858276
130,79.74929
40,93.2383
30,82.443665
60,74.90842
44,64.67559
120,131.50204
250,128.87842
150,196.66624
43,97.079315
45,60.164013
170,106.25687
80,99.199425
57,85.72984
110,170.72484
225,131.22742
210,155.67787
73,153.80502
140,150.46143
200,163.40213
169,133.77626
195,126.687225
50,72.86932
69,107.21412
110,165.93097
120,128.43582
70,91.436485
220,145.67815
70,122.26623
69,154.14555
145,152.4947
85,147.46011
140,74.312584
170,157.2208
189,156.87006
75,91.24683
30,84.20814
70,99.68186
174,151.194
190,188.01952
100,88.8741
60,76.06102
68,103.89139
210,104.19593
280,171.67584
75,103.91148
60,68.999016
120,103.20287
135,138.2311
165,158.05142
100,90.67647
80,92.600395
52,83.46851
190,93.79161
68,95.2336
100,79.64323
163,181.6324
90,172.77644
70,101.23179
50,85.52003
89,159.84529
235,166.22249
142,187.8028
200,133.90524
60,87.19562
60,75.31726
50,77.131775
60,110.92249
40,84.80522
90,76.45172
100,71.45519
65,60.029217
89,96.05516
70,123.732864
120,94.99349
32,86.75169
87,156.78862
225,182.93066
38,57.617374
89,82.01563
65,68.29619
125,173.65787
52,116.109344
149,159.03119
89,140.39359
120,123.30363
90,91.049706
227,227.06993
276,172.75134
80,85.909164
75,174.2726
229,221.19334
95,87.45925
150,135.77148
60,74.3599
90,121.38753
185,167.94333
54,70.23661
142,83.55486
50,88.72819
120,155.53395
75,117.116486
80,74.33812
100,111.65236
60,93.900215
48,97.2408
140,79.91493
100,152.1577
230,195.07513
85,81.45338
80,72.97236
89,98.62552
300,133.87724
300,140.45795
126,83.505104
175,210.47159
95,96.13063
250,141.55038
65,116.46362
75,110.58926
299,227.26096
29,87.477844
98,98.4323
145,98.676765
50,108.70834
139,172.70644
90,83.16013
120,125.61884
100,117.210464
179,138.51407
70,94.818214
110,117.93149
96,81.41382
85,157.25346
80,161.70027
50,106.602715
135,200.45201
90,78.698204
70,86.74309
200,176.52306
58,113.187935
38,84.32486
80,114.31967
150,184.62537
180,139.00241
75,78.82507
70,114.80386
70,74.75629
60,105.96689
47,84.55208
95,156.92868
80,79.40915
145,163.81543
47,78.143814
90,83.430695
80,152.99507
70,116.71922
130,147.15805
99,81.24656
60,72.87511
50,86.08876
70,144.43506
100,121.12665
36,81.9641
65,101.5175
55,116.10774
62,77.423546
123,122.31887
140,115.45497
79,160.06947
120,179.09349
85,130.03899
195,191.81013
150,147.33606
125,84.04893
279,116.506615
75,133.78874
59,134.87589
73,151.85817
100,110.01396
120,183.21812
220,163.83446
93,121.49192
95,83.56041
95,74.39382
160,95.64167
50,146.9466
187,164.70149
140,158.0817
80,84.61931
50,99.67069
170,162.16649
90,112.993004
250,215.65228
145,144.96964
150,81.42806
25,80.37621
60,125.652855
60,94.33263
110,147.96452
50,74.937294
59,94.73656
34,88.77559
200,148.97635
300,144.47343
85,141.02716
110,170.6985
80,55.962402
95,136.4675
110,97.57462
84,126.47631
177,130.58337
125,83.39849
85,172.80084
40,90.4698
120,100.310074
70,101.79941
100,138.86792
178,123.64648
139,96.76456
142,125.7073
170,126.97151
275,89.384094
70,86.55674
50,88.77403
130,146.9998
184,156.05962
89,170.767
100,132.73512
69,142.58633
85,172.89104
76,110.86941
150,80.58826
142,134.48302
47,77.49216
195,147.75568
100,199.51923
45,103.860214
124,168.0436
129,124.88719
100,209.52124
149,101.64025
50,93.06554
88,128.41591
165,86.07423
250,167.5674
38,56.841373
200,181.05042
220,112.216034
60,92.34891
119,157.62134
75,97.06482
80,146.52853
128,79.29245
110,129.21838
125,164.92816
50,66.99083
49,104.26077
47,69.828094
78,185.05772
51,78.73223
163,129.84244
65,189.38306
110,100.79876
69,143.55345
167,161.21397
100,147.54796
46,99.877335
65,76.86894
45,67.5879
85,87.17457
99,84.1604
50,70.525276
250,177.23979
90,78.74023
70,86.21036
89,184.72696
85,163.27731
60,83.99758
290,111.00564
100,135.64325
260,148.01846
70,65.7356
200,101.67677
99,122.98546
249,213.57823
75,95.708984
125,187.96841
200,180.93106
110,85.7797
65,91.84716
275,178.54533
63,168.86974
115,87.494316
186,182.60628
155,106.96
300,155.74045
100,87.096664
36,59.22759
155,102.4767
110,137.43141
89,128.17577
175,154.0881
55,165.99078
120,127.36893
225,117.42405
300,152.27306
49,81.53775
200,129.37708
75,159.82419
175,142.08879
169,142.35956
250,181.23509
110,162.92743
212,128.28275
50,84.62597
20,93.54877
149,131.92926
60,148.69789
190,171.19061
125,172.10333
135,80.37181
169,143.28468
100,92.91724
100,78.29253
128,101.57509
250,164.00314
70,75.21449
60,90.035866
98,135.31479
150,153.62535
48,106.78715
130,97.008896
75,120.44104
50,68.57274
150,139.38445
235,167.45267
139,180.39014
90,91.48635
150,112.71101
59,99.33917
50,72.70908
165,115.20254
75,88.6517
150,145.80815
249,159.23024
85,118.003265
95,119.85536
105,187.13127
120,85.11387
40,72.10207
130,143.01343
54,138.24867
190,181.54758
40,81.78756
299,152.72961
63,134.44691
142,146.95921
145,186.40805
99,154.30064
69,95.85806
115,119.26643
125,183.35114
69,167.99313
80,74.011826
125,132.15462
100,140.87032
99,113.17747
110,100.185646
225,147.28609
120,108.49898
109,83.69408
200,163.83308
75,106.94427
184,138.1115
80,107.32578
150,107.52442
33,78.700195
300,96.32925
89,93.59934
70,92.44793
96,91.6761
120,85.14423
119,117.94086
50,121.649376
90,94.0511
245,199.31567
189,227.44489
47,76.85994
99,144.71407
35,66.13412
72,117.89059
108,117.63213
195,169.8559
33,62.358112
45,106.69808
250,94.60776
180,105.57193
150,121.71679
76,146.24947
50,111.24126
60,116.19089
195,84.181435
50,84.64232
120,119.64014
115,148.14676
115,115.9895
43,70.392624
200,170.7618
47,72.57248
155,81.26601
45,56.783863
250,159.35674
63,64.84444
70,88.19018
245,99.79131
150,78.77242
85,113.53403
79,98.90291
50,67.68945
99,159.56152
75,92.37578
165,205.25789
45,83.53918
50,154.65121
74,82.82123
60,99.22826
225,128.78442
85,162.24715
154,83.85945
195,97.803154
120,89.792465
130,105.04435
108,84.264305
100,84.14087
90,93.44474
60,88.76249
220,205.93152
120,148.91563
49,102.43325
100,70.041725
40,96.59367
52,138.40184
45,90.68812
100,140.60277
259,174.64285
86,90.480095
245,88.94571
54,104.84621
37,77.78446
38,74.91907
63,91.596825
250,136.21568
225,175.44681
120,107.43707
150,170.83116
55,113.55175
79,113.15496
55,86.289795
289,110.98165
70,127.9711
200,80.16909
225,194.77888
95,70.672745
70,137.42328
180,126.5771
80,136.73824
174,222.35039
89,50.736122
255,155.95111
109,182.00676
82,106.66764
60,107.408905
200,111.25032
50,104.03585
49,76.687546
250,175.41531
189,104.02137
60,104.75077
200,58.028133
75,102.94855
128,106.9525
75,125.300354
85,70.85472
120,139.97127
47,83.540215
180,167.28452
302,187.32762
66,133.46077
95,121.73123
111,168.87953
280,96.18907
75,91.36138
140,144.30988
45,124.99031
100,85.27599
120,132.14104
249,150.5418
195,109.86229
155,111.759346
125,83.879166
125,167.7817
108,112.858406
80,79.009384
75,88.90586
178,167.77028
109,95.910736
100,115.00953
59,112.2194
250,161.04567
150,129.82175
289,179.401
70,102.782845
100,103.64603
220,138.73964
125,130.33368
150,158.77107
80,81.677345
105,80.64872
170,132.91466
100,96.63766
98,107.75742
90,62.999626
79,104.751526
70,92.99426
65,136.87679
100,173.24417
51,79.94627
252,203.4205
100,125.54574
85,188.01308
250,107.429184
45,76.63545
75,75.4152
60,92.34084
150,168.4613
180,175.39188
50,140.02574
136,128.97145
140,157.62825
105,63.637756
180,245.80927
179,136.7555
130,137.77478
65,149.66795
75,62.458324
125,168.80446
158,135.60397
240,178.5399
150,144.04706
120,137.0701
140,146.5818
125,162.99654
94,77.634834
110,142.12578
95,82.02948
71,79.63131
36,70.19659
149,153.04247
44,115.58741
114,132.85646
45,66.25275
150,62.525505
85,103.23975
124,110.63986
80,171.3158
82,171.78465
160,166.87996
265,135.59552
105,96.41067
289,150.05612
200,110.27589
42,84.1992
68,103.02739
84,79.0971
305,275.72818
45,96.81163
65,149.0836
80,110.18688
65,101.136
65,78.41901
45,119.40283
125,143.77638
300,121.0085
78,82.44871
285,223.63206
112,128.34198
75,106.72129
31,70.74859
50,81.7825
300,142.51376
105,144.51768
140,128.8706
80,121.30096
110,193.57643
85,84.857414
120,129.31863
112,74.55912
28,63.461895
49,74.029655
250,155.2833
185,122.74531
59,160.33525
275,189.16661
75,93.24922
105,104.027695
99,166.2904
60,143.93063
125,128.47841
260,191.56851
150,124.093735
70,117.724075
125,93.25401
99,110.41598
110,188.44838
150,139.60797
175,175.2969
35,79.38379
250,119.15787
155,119.41966
85,74.53301
59,81.735634
129,126.065
50,88.11654
75,53.578053
90,108.01069
39,74.576584
190,131.01823
75,120.501114
150,109.972916
73,87.46336
150,155.87822
210,186.30795
55,95.61658
120,121.52981
55,110.70423
145,153.1159
184,176.37062
45,37.637024
49,71.17559
200,183.56117
130,161.50081
239,187.66608
79,179.9745
35,79.36734
148,113.03079
250,131.93486
75,103.19302
175,111.58498
199,135.51732
190,81.68669
126,146.54218
125,148.75977
76,75.19212
125,157.86269
250,169.37743
70,136.97128
249,196.55162
98,154.74266
75,49.70058
50,79.751205
150,148.32057
100,130.65852
65,90.22059
140,182.73228
90,135.7909
160,179.2391
35,105.37332
170,66.362785
69,61.544594
25,64.256805
262,230.86124
200,195.96628
129,89.52744
179,196.31996
60,87.582466
72,95.6081
75,94.69862
164,168.08049
295,172.38405
110,119.0762
65,100.42074
80,76.64097
40,75.46401
65,79.38309
150,139.98482
80,93.50897
303,226.64838
48,60.91973
300,203.36697
220,176.20625
50,120.75892
255,181.60753
229,187.6185
49,96.78871
169,129.79126
130,101.55038
60,172.20876
180,195.41632
100,151.71494
250,99.860504
200,188.51955
239,200.46501
125,103.598175
119,110.33757
159,226.13948
299,239.74838
160,155.40398
95,94.94281
85,135.81161
39,49.143627
255,143.07457
155,209.77386
165,144.22397
93,46.946938
250,111.05035
135,158.91225
26,81.196754
159,163.89342
105,145.73106
188,227.93234
60,92.20914
84,75.24795
180,133.87975
55,86.02948
230,208.58844
130,119.72283
200,69.34014
130,103.59931
240,209.55502
145,120.33731
190,138.332
57,103.9004
36,81.640076
110,137.33974
57,95.13835
35,78.03759
170,153.77502
199,140.71739
175,131.51073
325,93.15814
65,80.42437
156,82.170135
45,94.78308
31,54.562916
105,153.19685
125,137.62184
34,60.238564
130,179.33287
65,141.20021
119,108.12888
189,130.93501
67,84.46783
79,141.89595
120,85.25756
40,89.167694
125,119.953865
300,164.96053
35,87.17947
42,103.81582
225,121.04098
300,128.36783
125,86.20011
125,209.53098
80,100.28997
170,168.1653
25,68.416885
50,69.344406
43,107.64804
115,133.17996
75,85.61558
95,76.43929
143,146.36984
200,182.8726
159,206.88657
60,114.7265
70,83.7706
53,104.961426
136,111.38178
37,67.41722
190,127.016914
160,101.298035
110,166.80019
228,155.88795
200,92.311195
45,87.19375
225,150.98929
80,114.221214
215,181.36452
225,129.54642
80,100.68727
115,84.98179
137,99.58791
45,95.20681
89,133.39185
140,163.00877
130,164.4449
150,172.1425
115,160.40395
100,127.48842
180,132.29025
295,174.33253
75,81.251755
50,83.59399
81,154.5026
99,133.05064
99,86.59628
115,105.03773
131,97.770355
150,162.55153
99,121.5613
65,102.78227
120,82.72636
26,87.32
196,91.36635
169,140.71016
65,78.182976
300,147.62483
85,121.559944
41,63.46308
80,82.860374
104,127.91815
103,123.28627
150,123.249886
70,96.13482
49,86.73174
250,236.50206
95,84.30802
42,118.05954
175,115.92969
125,94.58961
81,67.52596
149,101.3367
80,108.84054
150,149.64413
95,167.55614
225,116.93782
140,142.77463
49,89.43043
52,109.18815
65,95.42887
255,67.02368
275,146.03993
110,133.36983
60,73.882774
85,110.35059
100,139.54424
37,94.5183
100,113.25472
89,85.1951
110,97.994026
125,71.31717
30,79.78985
250,151.99731
49,83.060555
115,132.75356
50,82.16231
200,158.33635
150,107.107155
60,88.642204
60,92.21114
128,202.65363
90,122.47731
90,117.015274
325,215.99274
220,163.73898
260,98.42886
64,113.46909
66,74.18211
275,143.76689
180,139.86896
80,115.27838
80,71.885056
170,146.35873
80,140.75496
80,105.10203
150,159.69641
90,145.38083
120,85.53614
250,93.78535
55,86.05894
139,152.09529
85,175.44217
80,198.9017
245,246.74307
250,201.1667
257,192.80667
64,83.71139
35,78.79794
50,70.07641
180,149.37222
300,136.11235
152,166.42259
39,97.1401
40,112.82438
50,89.67158
55,70.42754
121,125.076004
85,93.22371
75,77.60931
38,76.8865
101,163.56879
78,94.64086
134,135.2744
200,146.96136
75,75.76441
100,135.1006
230,194.98428
200,98.516045
36,100.925385
80,170.87868
115,84.40382
269,193.83769
289,129.41943
120,90.68652
75,148.76437
100,89.9174
42,62.504387
155,139.1701
45,43.655724
130,140.14175
73,78.733795
53,122.683365
150,180.52502
115,98.78203
71,139.59103
29,83.916534
150,90.9218
35,39.952953
150,135.96059
180,102.83686
60,98.839226
195,165.17046
220,168.88824
180,127.3563
152,134.76218
97,130.42682
52,98.93996
175,86.66335
95,139.67966
300,130.6312
35,110.24418
85,68.844864
102,72.182556
150,179.54117
63,67.99789
150,74.33954
125,122.17792
69,117.7085
190,171.47441
69,66.19925
100,74.59531
68,104.15497
99,85.82655
75,67.66187
55,62.951126
75,68.7736
95,114.14682
265,175.55148
249,156.26834
100,138.1371
125,134.82172
150,142.29242
250,149.61157
75,112.16931
300,78.52406
45,88.20648
200,174.82582
270,165.47147
300,172.58072
189,140.14252
160,148.97827
214,232.87851
175,76.53182
160,185.59496
60,101.735916
80,158.30334
75,80.220764
145,161.49516
75,133.21457
60,87.99154
100,99.3712
80,95.90428
245,129.35414
100,161.63118
50,83.53213
99,97.34466
80,46.578964
90,75.61737
115,131.59866
135,158.49521
110,129.74918
150,162.14977
151,137.49316
99,109.44015
71,126.57849
289,156.83504
130,83.57309
215,119.338974
75,72.72113
48,57.060062
80,80.077614
85,92.51349
70,107.17719
40,72.597885
200,139.4875
145,119.03363
68,76.704
239,229.81891
303,222.78502
63,94.39722
100,198.1788
150,105.63628
95,81.605934
150,153.13548
150,124.30061
45,66.26511
40,58.13159
220,137.41995
45,67.78439
222,163.59433
62,154.02745
200,104.06669
95,144.41438
65,115.64278
250,191.74382
70,123.71098
150,111.76348
127,115.14574
90,131.42072
180,129.9924
75,108.58426
69,141.24672
150,126.904335
209,167.93423
115,107.60117
300,141.40454
50,76.45716
200,145.2997
55,96.409676
83,100.08631
317,131.94028
50,73.705345
109,106.87172
200,167.25287
85,153.43472
99,138.9441
120,137.47539
50,102.699554
125,124.01005
80,88.448845
60,150.72253
200,140.5359
75,141.79404
180,69.63119
220,89.38812
94,172.41208
187,185.44614
225,148.68118
150,133.6936
220,183.87823
60,102.00127
40,42.110394
75,154.39926
300,95.65278
299,144.44661
65,88.088234
55,63.01217
80,114.7065
190,171.30342
107,170.18694
179,171.03099
240,101.7987
275,155.74036
220,209.60231
199,183.77626
65,89.69486
95,127.997795
55,93.53623
220,121.61472
154,148.66266
99,91.621475
75,129.29907
94,77.70479
140,150.60373
210,176.16452
50,82.433754
60,60.50748
85,126.80214
125,112.89535
175,109.78177
50,75.79574
60,100.40908
245,154.77022
94,128.39339
140,143.24055
100,94.69845
171,136.60248
65,167.49966
225,181.18898
200,195.3971
199,151.28502
125,147.14696
110,194.88695
38,74.70284
60,87.04952
100,93.22325
199,101.20249
100,135.07584
55,79.57495
110,90.67552
35,90.09044
100,121.87005
42,88.25738
175,155.4276
250,132.25424
200,123.22666
48,73.03138
275,151.30663
65,128.33
198,132.03416
100,83.223724
80,121.71717
325,193.84302
70,117.568375
130,133.89296
75,111.126625
150,163.07545
99,77.69486
175,171.20685
130,103.29529
220,181.32922
169,189.19041
90,74.7558
200,192.32799
95,105.435745
65,109.90558
140,108.94751
150,82.13
88,140.32094
55,76.05422
66,70.9815
100,132.04387
250,175.14143
300,181.88864
71,91.60874
175,166.84714
30,65.48719
100,131.55894
50,97.75388
180,82.28432
55,103.88565
105,92.829834
100,111.285095
40,85.52093
51,107.467514
199,166.4236
60,93.85576
123,148.075
90,113.16968
48,64.13738
55,104.70786
87,107.9086
159,121.999954
299,170.3177
90,112.901634
190,178.28047
60,78.445595
70,79.76833
49,87.03378
30,66.79132
35,75.692314
250,158.76147
90,128.34366
129,139.77335
190,160.81429
74,160.8617
192,135.73434
47,74.64982
50,72.67386
250,135.31888
100,60.63385
116,72.83093
97,87.24509
45,108.334076
149,126.28567
99,117.64389
150,185.4352
44,59.875835
89,157.96805
80,149.69182
62,120.53817
99,64.423454
99,67.53833
90,121.929474
39,153.64963
285,139.7331
50,91.214584
89,81.56682
100,91.64594
25,36.677414
150,129.2028
100,98.80422
200,199.41058
67,75.04925
175,125.127235
70,109.04406
55,91.50279
225,123.62271
100,188.46404
48,80.73524
89,69.75526
75,88.27883
150,173.77998
42,63.537548
100,90.60527
225,155.95372
65,85.68822
150,127.50107
54,62.35179
84,149.08183
33,21.287199
99,118.2247
90,145.28712
55,78.09638
100,65.38158
190,122.391624
271,226.71939
90,122.28599
99,88.58428
210,208.65091
50,75.56534
51,83.58233
54,87.42552
59,91.15814
219,191.19621
125,94.667076
329,135.27611
50,88.409805
90,137.50105
199,139.28049
320,210.18973
150,109.20466
45,83.88636
60,59.600197
115,70.44188
259,119.93062
150,101.06517
120,140.19461
70,75.252625
90,98.81246
180,192.85785
90,110.62615
59,85.20466
190,181.57498
250,181.2334
125,74.75255
85,55.510784
85,101.68075
120,99.67758
90,73.99202
225,92.70168
149,113.44414
200,95.93718
99,87.583664
100,185.7155
200,127.99626
55,146.18707
65,113.34638
150,190.27548
88,90.052
150,110.45122
250,177.11044
148,143.80182
213,218.08359
120,120.10724
80,89.7051
105,204.73247
145,121.856064
35,65.8776
75,123.50425
210,155.00185
180,159.66148
90,172.10844
78,121.506424
189,145.70355
150,152.15459
90,115.49598
75,78.04201
110,155.85826
85,95.621635
55,96.401024
40,68.04098
85,102.70387
108,99.81247
51,76.475555
100,97.274315
50,63.24098
100,131.7683
105,81.45998
75,95.85602
49,62.37696
125,106.59889
149,152.4438
300,166.69286
40,62.672783
46,72.496704
175,88.16763
71,149.05797
129,163.79626
169,159.92137
150,146.76738
60,114.17106
60,80.08995
240,176.13339
100,139.20224
80,88.7698
150,116.25672
64,68.2561
48,72.549194
64,144.36363
150,84.86066
50,111.48699
80,76.93626
120,142.04918
199,182.01027
265,127.89404
228,175.59152
95,119.32004
269,110.6169
300,166.93661
35,70.14519
85,137.57388
44,84.315544
200,70.34981
48,70.69119
290,188.77853
70,115.605484
44,62.77918
50,93.51241
65,78.83274
180,172.8481
165,199.43906
140,108.19738
33,37.296158
198,179.91069
170,163.4408
179,145.92705
150,88.41328
150,115.2649
200,155.03514
40,88.23362
75,118.84212
120,136.73006
260,147.95372
135,93.38606
95,131.11937
86,126.26686
36,73.78891
90,148.73376
80,139.7652
39,77.241615
38,76.36684
115,47.52844
60,74.23917
110,128.26627
169,211.07117
45,72.98273
198,204.06892
255,192.00172
128,142.42537
154,160.62343
85,87.03707
235,144.60239
40,81.95664
31,79.900665
43,77.06736
66,115.08457
200,104.2252
143,102.96132
95,108.962456
100,107.74734
110,116.69231
299,76.16998
150,126.62987
80,78.64754
150,169.21527
89,97.27961
175,172.16243
120,128.62535
135,139.84357
80,73.64523
150,162.4923
95,149.6892
100,119.02968
100,172.8998
56,133.17055
65,79.70923
70,130.13573
225,123.210594
100,71.12152
175,160.92638
99,146.74806
69,76.869484
155,193.6628
75,85.50921
45,49.61557
52,49.32377
70,94.7655
34,54.612125
130,178.30025
85,121.52309
60,110.70327
35,63.868607
95,77.568504
75,88.65371
235,184.50734
187,182.46745
129,147.36781
35,66.0615
100,113.778946
100,158.41002
99,84.34677
74,100.55946
120,118.63015
150,102.97393
200,131.21114
67,122.49295
103,97.623474
45,98.619736
65,137.922
112,90.78948
65,125.656555
85,83.51056
90,113.15488
75,74.53984
43,64.98858
186,153.1612
39,75.245255
103,106.40215
99,168.18323
200,212.3006
66,104.330696
250,89.68511
180,177.8124
99,121.457634
90,78.416016
200,124.03364
75,65.82447
135,157.18562
125,169.85123
65,78.6214
90,93.680916
40,62.821533
53,89.25095
249,206.71355
245,143.09552
260,156.46191
90,140.73871
96,87.44071
37,71.57633
85,82.088005
55,101.32683
325,90.046646
70,64.50766
130,162.3063
40,53.37687
70,85.48206
36,49.43633
55,117.777855
140,184.29523
60,76.48308
199,124.53973
125,81.21465
83,128.43507
90,93.723694
85,102.25919
260,173.3125
159,161.36584
135,142.56204
100,81.463776
60,91.82997
55,67.75072
65,96.96095
50,63.327446
60,79.83026
60,64.819984
140,163.23837
90,93.66231
125,150.24649
129,88.42048
62,126.69074
255,232.13481
150,165.96904
225,194.10652
117,170.90646
150,200.59543
110,165.70207
100,133.56723
75,86.6615
75,126.19901
85,103.799484
299,73.12089
50,52.207203
120,63.724598
235,154.38086
50,75.23936
49,153.82
70,82.36474
90,72.42356
100,181.44862
295,197.66968
31,86.7966
56,150.96307
50,90.88116
220,173.39178
90,174.23955
60,55.41237
140,123.510445
75,164.15306
35,79.81928
125,119.28075
100,104.96597
149,181.80873
58,91.31963
34,114.62484
99,176.66481
65,89.51467
300,169.27193
135,142.84239
66,104.90817
151,98.04221
70,106.2625
300,140.22276
95,108.08767
53,69.83945
49,88.55377
115,95.58209
125,96.114334
125,107.58386
180,124.42112
139,100.25598
37,74.55965
180,90.57798
100,139.98314
125,141.6382
180,154.66846
100,146.4824
185,173.85785
174,117.32066
85,73.309715
95,73.89907
89,159.50111
125,88.6061
57,63.30739
130,120.74869
70,99.59186
45,83.5489
200,109.912346
75,97.53079
150,139.65746
125,137.75371
75,138.84256
70,92.9824
170,162.54146
149,134.30115
132,131.33473
160,108.56335
48,66.84534
80,163.31
300,201.59364
70,84.39602
125,158.82605
120,130.36858
91,103.60772
312,151.74013
110,126.57093
95,89.34577
99,128.39024
300,165.45003
60,77.48553
65,108.8567
55,73.556076
45,90.1687
60,96.02131
89,151.05751
140,125.88894
120,169.897
46,112.87985
225,145.96178
99,118.97444
53,93.3385
85,124.98996
60,84.6905
50,135.78876
110,170.85541
59,121.50031
50,73.464745
125,151.14572
150,90.209946
50,105.22589
65,71.69294
200,113.533
150,158.84962
90,82.15746
100,177.32025
55,65.32838
110,146.43333
75,56.09979
280,139.39796
169,144.57738
70,146.43161
50,69.3835
50,126.74275
35,61.80832
45,77.25914
160,163.6167
75,121.87469
65,86.54184
120,120.46499
115,68.735794
135,146.75491
48,100.59753
26,52.082794
54,113.15229
85,113.32607
35,53.073517
200,136.37305
276,165.30708
100,143.4779
100,95.01439
80,120.143074
188,187.72746
250,157.7705
130,163.13858
149,145.31721
75,118.43613
125,95.91532
63,80.41122
300,123.08641
89,85.20777
135,139.01678
52,74.28448
58,102.64054
64,110.833664
100,129.40765
225,162.82321
99,116.09096
250,210.97108
80,58.008236
65,132.79109
200,163.32878
149,93.06085
50,72.40394
150,106.93418
225,213.7423
120,132.31151
210,143.99115
50,61.893444
75,74.44569
100,70.82356
259,141.13632
54,65.36003
54,111.32409
239,191.08064
150,117.83656
175,175.75908
150,136.23181
45,85.916245
100,146.6288
125,155.29587
60,96.12699
89,89.81123
65,74.80097
50,78.66805
113,127.559044
168,116.15577
95,109.90176
125,144.8777
79,121.7057
75,104.715416
150,168.17111
229,201.2905
97,104.87003
75,127.663284
125,165.64604
260,184.03314
60,139.53061
60,72.46746
150,131.6794
163,132.22566
195,141.46848
80,92.75445
35,63.545536
130,104.20911
180,85.97988
99,93.70471
55,98.174446
209,175.89522
40,67.12431
95,139.31975
200,76.60454
255,143.18616
130,150.58145
120,97.25197
200,146.17026
78,97.02734
69,73.24924
240,159.90039
139,192.86678
185,78.76586
98,98.03292
99,90.32807
219,224.72578
70,79.792206
75,102.28067
50,105.98641
299,153.53398
178,145.85052
90,97.24581
35,90.74048
80,90.90059
240,153.47742
200,105.26304
45,125.96884
50,73.32439
237,184.8918
100,159.67764
70,106.94773
175,126.30138
42,124.24213
98,152.26608
50,64.13435
75,114.90994
83,140.5709
200,94.276306
150,194.76677
55,112.45348
45,100.20953
265,213.90465
94,89.463806
119,140.55182
159,153.68372
52,76.724335
199,75.30686
35,73.77707
85,151.93895
65,154.92278
75,89.91195
95,95.66205
89,112.53405
125,74.05378
300,216.1161
250,121.05506
300,229.93799
99,97.346176
262,186.19753
299,186.95155
29,89.84396
95,107.25107
148,176.07907
43,122.854324
250,125.79391
275,158.91031
65,84.098305
35,85.57122
225,146.62549
75,86.14926
25,95.50702
120,166.23473
62,86.82064
99,71.09911
200,86.21558
95,98.60348
90,88.790344
245,141.3447
55,92.05844
34,119.2086
149,178.40851
84,52.36926
43,59.59475
200,204.86493
125,124.42972
130,138.06996
149,171.69066
220,173.33511
115,164.79063
125,110.35924
179,171.28697
75,78.86399
200,95.05954
152,182.80344
28,60.68288
180,169.25671
80,115.14823
230,187.40894
225,145.11661
45,49.268177
70,66.43912
99,166.4821
150,162.29901
195,130.56705
150,132.8466
60,81.72486
300,188.7426
150,120.733894
199,142.83174
60,67.85694
120,104.3988
170,134.72717
79,108.94196
40,88.72398
75,77.74892
321,192.39726
98,112.51502
48,71.182144
204,78.54688
100,77.43938
150,160.35101
65,99.960045
138,86.35526
40,86.201965
40,115.6425
280,163.3657
100,145.22649
75,167.56645
125,78.04826
134,155.88249
200,100.03202
119,90.38032
134,166.2492
80,107.26507
190,155.3011
45,111.50228
150,171.42558
120,139.75352
115,91.57176
95,148.75175
90,157.49263
275,101.45085
55,85.174576
120,95.41824
110,128.57234
71,104.224014
53,96.29248
109,141.59456
200,84.22687
250,160.9301
60,89.52074
93,56.655014
54,95.9328
63,68.32399
205,158.50536
40,88.05978
85,114.2832
225,81.274895
75,74.602264
100,155.1746
51,113.66724
200,143.31242
60,79.136246
100,110.97468
150,132.75478
58,86.53367
29,85.448975
43,83.35154
215,202.02644
145,156.18617
156,168.4153
135,100.17489
100,121.793106
150,140.89468
75,130.2968
40,134.69704
200,182.27365
250,175.06892
45,72.360535
175,119.78643
200,152.5878
275,76.3919
125,85.12725
39,80.811584
209,131.2836
275,142.53326
99,113.99496
75,133.6227
149,106.609924
85,113.44156
140,66.91497
155,156.06523
114,135.37408
75,71.93209
290,195.30008
135,120.39161
75,90.54283
105,92.97736
150,179.8261
50,132.39587
80,116.24974
60,77.20954
174,92.99321
60,83.347115
55,80.35534
308,180.56606
125,114.04946
182,182.5356
199,184.64835
55,118.33943
39,46.29292
125,88.17598
117,140.43883
137,90.041084
95,164.27483
215,102.58723
130,120.94109
177,158.39787
32,90.68747
120,142.63078
150,103.628975
299,255.26668
25,45.61249
180,151.61024
65,68.5484
60,109.32667
60,105.875084
300,188.8088
175,142.35463
120,188.54536
40,74.09346
49,135.10219
250,67.29788
110,66.26892
30,80.1378
100,86.90965
60,75.93262
300,101.55744
100,79.791306
255,232.67137
130,110.04766
46,118.34558
100,92.00783
152,159.85965
225,148.0492
66,102.18342
184,105.61889
175,169.56274
30,85.87735
70,120.02123
78,107.51208
70,149.64769
125,72.525406
130,148.18394
125,117.55668
100,165.84766
275,112.9831
90,124.78959
200,78.21898
325,158.59103
95,107.01388
299,117.61878
55,121.28208
56,140.14465
44,67.707344
125,147.65741
60,85.73376
141,145.60822
65,62.52091
160,183.94571
175,70.09076
155,180.48848
48,66.22715
70,94.36258
166,89.93864
128,62.666508
60,84.935646
89,111.815414
40,87.63149
150,144.57274
99,165.73494
150,120.687775
64,73.26877
50,95.28332
65,99.5565
200,159.13934
100,107.45634
158,130.20726
189,162.0406
35,49.01235
172,154.76456
68,53.959972
175,167.32265
225,113.99007
65,95.822876
75,82.82304
100,135.12514
70,96.59898
198,152.71906
95,108.34856
75,111.55022
72,114.3132
69,63.91131
60,89.686066
150,154.7494
179,166.5735
185,179.8349
96,103.527214
70,100.86506
225,170.65541
38,89.71887
43,91.30657
80,67.003716
123,110.89407
115,162.87805
67,108.98098
100,165.92696
85,104.582375
145,171.25906
69,118.800995
115,196.70096
51,80.77385
165,109.591095
30,72.47684
125,89.4004
300,195.33786
90,117.79062
150,165.62767
199,142.4158
60,79.419464
37,78.92866
160,169.31276
55,55.85698
250,199.75089
100,81.14652
280,209.43674
275,116.6599
75,51.51593
147,81.10119
75,97.368034
77,185.60301
100,91.92052
171,139.4053
110,136.8771
44,138.08293
90,150.68826
200,141.74263
50,69.11981
41,55.646435
295,151.77658
55,81.386055
57,89.82036
124,87.801735
215,204.38063
65,88.54105
76,122.783
47,71.10165
252,173.62785
150,152.9652
150,89.54803
143,177.90617
99,147.52313
50,76.304985
108,116.94733
145,176.10497
45,102.47125
120,133.73235
149,169.16277
50,91.13667
81,173.63483
100,134.70853
101,194.945
190,170.73494
85,77.79294
96,127.316925
185,200.16264
38,70.32119
267,212.87695
51,102.328
137,136.31155
70,98.23408
129,151.48413
55,68.649185
250,176.12184
49,121.361725
250,148.9338
150,132.20969
25,75.83144
70,99.77473
105,77.48598
39,93.10164
225,147.06113
160,157.92651
60,108.695915
159,222.02272
110,145.86664
39,147.67842
125,123.08249
124,185.35423
69,106.37606
79,117.95447
195,181.815
80,93.31008
70,133.28897
119,137.50508
131,112.50714
40,100.45411
65,97.74567
90,78.409706
240,174.91365
95,100.38545
169,164.94078
100,181.31303
38,111.22937
320,168.9165
143,122.69024
65,130.0596
209,160.01698
200,181.92601
150,167.77289
100,99.56084
155,178.11685
169,143.107
150,119.49081
100,157.0113
43,87.97001
70,116.16758
42,82.042984
86,106.938965
65,115.84811
115,76.11406
86,71.85254
160,121.84961
125,123.46472
35,47.66092
50,85.65934
110,111.52056
50,95.73752
120,172.17474
65,71.18907
55,101.00426
75,146.17282
149,153.62321
130,114.17416
40,74.7977
86,201.33923
100,152.19225
100,106.13328
120,110.278496
225,110.003815
100,160.74458
200,102.35669
95,131.08313
60,155.51353
67,71.43695
150,126.29551
75,119.24658
95,136.36417
250,145.13666
180,106.62332
65,64.874016
40,92.41173
140,72.71277
229,152.49838
110,173.63786
85,144.30295
135,99.93334
173,160.40208
110,159.46156
199,104.81978
245,140.00273
50,83.64261
78,122.58317
65,66.66696
160,91.680756
134,174.64113
69,75.78544
90,75.77543
38,77.20432
180,105.99176
150,124.46928
60,65.86858
56,78.52615
60,93.30504
69,74.12822
60,99.887245
55,111.40135
70,78.40339
160,74.79272
80,77.99659
200,95.9733
200,144.62988
169,74.181335
118,162.11978
105,183.2559
130,120.032616
200,150.21162
125,86.19059
85,92.09691
70,70.27623
55,131.30095
109,169.06079
45,68.0679
40,61.81051
59,100.88354
65,99.384575
98,175.37477
165,99.228836
100,119.19553
100,96.58841
94,75.766785
100,119.87765
150,144.41777
120,114.16526
42,79.04031
175,160.98259
200,199.44943
200,66.10358
100,81.1691
150,99.05985
117,136.12613
200,178.06207
199,174.74168
40,100.51628
120,185.15657
175,151.09286
225,150.31436
80,105.045784
225,202.02798
175,124.394966
53,94.07061
200,83.82657
250,115.2448
80,91.88741
99,106.45846
79,71.55329
110,117.480644
32,89.853195
79,102.69122
69,90.03008
175,113.7234
90,81.3414
300,185.3122
89,117.63128
99,64.29706
295,174.06744
35,59.883667
150,161.3442
100,135.70949
250,125.403786
125,143.93637
60,54.89824
40,81.95699
65,100.6347
95,140.22441
115,157.92267
200,201.18608
120,135.76105
165,107.80133
60,65.86432
89,121.82109
80,154.81502
157,119.6638
239,186.75443
169,181.46748
59,75.88147
38,67.51733
50,95.31668
265,179.21593
100,109.551285
175,81.81225
255,187.04105
150,169.07002
250,165.033
97,190.11096
40,78.6159
202,133.77626
57,56.059006
130,185.6383
150,80.63887
235,218.84772
199,160.19154
150,153.2756
149,109.15894
65,113.9153
70,64.51044
325,171.12657
96,134.5498
36,94.91488
95,145.58405
135,102.93017
225,174.31487
130,105.08743
80,156.9114
150,142.48459
140,164.95879
55,104.7485
150,186.41281
100,70.25712
40,88.232315
100,79.79156
61,77.47072
150,148.57466
206,100.58692
110,138.47214
44,83.58515
100,152.08179
150,171.79144
23,89.85903
75,110.66977
250,146.79892
65,80.052864
50,128.68697
120,106.87027
150,145.73935
70,80.868675
79,85.96746
34,39.02134
55,78.67696
300,243.78143
100,86.562515
175,134.19066
256,221.72437
65,90.486916
80,139.82304
150,96.8554
110,117.60774
239,124.41765
110,79.28145
64,105.65358
162,193.62938
50,74.57378
98,170.90886
285,176.71252
49,139.15378
51,140.69853
69,87.229614
81,81.31665
49,83.12359
99,140.40175
72,77.5497
70,100.52559
29,83.177505
200,151.64986
52,126.42139
150,124.548454
65,80.44759
109,155.3628
53,75.46205
110,114.53117
75,86.98316
40,90.81076
80,167.28802
67,72.598885
45,44.101963
100,105.883934
35,40.87714
44,65.46334
50,79.82937
80,119.302574
38,113.99863
70,64.62764
280,124.850784
150,85.00235
120,98.84459
45,86.6369
25,63.43956
60,67.58836
185,122.77858
75,108.84977
195,181.40945
75,141.58875
200,95.9815
100,178.51126
80,165.14597
115,87.976746
140,122.237274
45,85.26191
119,128.30937
125,161.58508
99,114.9915
42,99.589554
65,80.1923
145,79.687546
190,110.76745
104,113.78853
120,81.59108
225,141.97931
100,150.53432
55,187.63231
120,122.84833
138,87.74747
99,123.56419
100,103.960526
140,117.30095
33,69.23879
40,90.70422
250,190.24188
75,114.649284
250,171.05724
117,141.85594
110,135.2864
65,124.96146
75,83.34053
130,130.61119
325,156.12215
165,155.78026
225,158.28036
150,107.64058
175,157.85703
125,95.088585
72,82.55963
175,134.08444
220,146.0211
38,69.666954
60,142.48862
96,74.76624
68,154.48643
92,116.19809
85,91.20091
89,79.70434
45,51.55527
120,49.829777
33,82.47286
143,191.02657
300,85.143295
50,101.93178
120,114.84646
79,69.083824
75,103.40009
51,79.58336
85,107.464775
140,118.03179
100,91.26301
195,157.29005
85,138.31987
120,97.046875
40,111.38533
250,181.90521
50,120.32848
99,80.99275
200,84.61689
80,125.790726
160,111.4598
60,92.28767
50,67.50317
37,88.564804
200,180.95285
67,109.959274
50,132.30626
299,167.5721
115,155.6433
100,88.63095
50,96.33405
40,101.04178
60,60.36738
70,66.97463
90,72.53387
245,142.06721
208,144.76308
149,123.54736
90,114.095024
219,171.85818
60,100.79701
60,125.121994
225,134.74168
36,70.51865
115,78.78364
190,161.27899
150,173.2787
155,86.5819
43,91.04987
250,122.35403
200,157.97333
50,61.43947
275,92.82347
77,89.52433
200,112.58737
53,125.91699
80,168.05176
49,60.099613
50,63.81671
105,195.22563
139,78.93813
40,54.37678
155,102.71471
109,151.44086
113,88.37964
180,183.24078
250,138.35785
42,59.03178
45,88.975746
28,66.14285
275,126.595856
60,85.45494
145,168.74522
300,197.32404
81,164.22438
88,110.359764
30,53.49361
75,78.42555
72,72.9762
140,124.028076
160,128.32048
45,81.77763
38,84.580765
300,145.98077
35,75.89152
40,57.50065
79,92.96447
150,97.714264
50,76.60158
120,169.11491
85,138.63225
47,65.77137
59,127.65695
125,176.84686
200,161.80914
75,88.03471
60,91.92754
81,75.173225
69,97.1677
123,102.82699
63,76.84473
120,136.39282
150,159.40158
38,72.87218
85,94.21455
85,171.80128
120,86.36355
175,108.159935
275,175.24426
175,144.28061
59,75.12196
41,94.74896
80,77.86577
265,138.68646
175,194.37442
290,109.30031
59,142.36598
205,111.96077
110,99.55219
160,124.25424
53,57.41933
265,165.52188
80,93.96638
150,139.74982
50,88.94325
200,191.4005
97,110.531624
129,145.37296
60,82.5083
26,103.986206
299,107.46501
125,147.05954
199,153.74109
249,68.26368
66,116.20504
150,116.830894
45,101.07501
150,80.24895
149,118.46769
39,75.02564
150,122.127045
150,120.61104
110,73.210884
62,72.16563
99,90.83326
99,105.313675
175,150.78284
180,125.68444
180,106.05387
110,95.6759
240,200.96548
174,157.53668
50,100.21679
190,123.86085
186,184.585
110,150.13197
250,150.89674
165,130.36378
200,83.872345
214,154.92735
165,119.015465
175,129.91054
100,167.03726
150,128.46606
59,72.04705
87,87.37274
175,88.88652
120,133.38708
70,89.67982
70,79.165016
135,71.3978
225,182.32349
100,139.92276
36,132.38802
100,143.1744
75,84.16037
170,166.60716
65,134.645
220,195.14052
52,48.778458
101,158.19992
77,89.5048
115,118.89029
212,183.58522
191,179.17924
50,100.68287
150,162.74399
79,172.66751
179,151.46324
247,213.80093
150,89.97427
180,151.78029
44,103.814125
55,76.73865
129,205.23514
80,99.72425
70,68.785225
85,72.874695
299,123.42934
150,134.00813
106,201.70503
130,116.16482
65,110.18369
289,203.09024
239,200.67067
100,87.09656
70,158.52553
60,93.171196
90,142.62698
95,106.295166
125,113.06318
30,68.85913
31,76.41132
95,70.81865
50,91.94683
108,83.06739
50,117.44805
177,187.58446
92,152.43929
230,143.7807
200,117.03864
250,90.84919
70,90.724915
97,87.04061
230,138.0392
80,67.3334
62,65.13529
60,124.73942
95,103.43391
250,175.90813
152,139.02728
50,56.364746
85,100.56224
100,137.44023
88,81.166855
50,108.15981
65,79.900154
270,159.51077
135,124.39845
135,177.76776
70,86.03215
60,95.671555
95,82.09711
122,154.75014
317,252.36209
67,119.22462
275,181.40732
125,177.04303
105,202.0296
85,121.27738
100,178.71161
29,76.70215
150,145.59549
65,88.66936
225,176.29543
130,123.779396
85,97.170494
125,194.99416
117,144.5403
165,175.31023
200,157.78261
45,99.221886
119,88.12547
125,116.48965
149,143.93645
220,180.15149
300,148.00159
190,128.21959
68,116.98693
100,119.18445
250,104.68205
84,155.45326
119,158.4567
80,126.81411
75,71.23254
38,47.43297
110,124.714134
250,160.33698
47,96.80909
149,204.32338
70,87.944725
75,120.00844
80,159.16382
300,183.60484
75,90.05091
95,99.722404
180,137.55882
79,109.17098
159,191.15225
187,174.9826
150,121.305824
29,61.30946
40,95.971825
185,132.7742
78,86.71347
95,77.3721
160,80.52755
210,134.14035
90,99.95106
98,126.44818
60,92.09752
43,91.21198
300,90.41419
45,66.326836
85,115.08065
45,71.66108
180,130.19676
70,116.26904
125,119.82527
57,57.58141
110,89.578064
160,159.80623
85,108.85929
165,164.01465
200,164.351
90,137.89929
199,153.37564
240,230.52402
160,140.15018
130,191.11467
100,113.406456
99,158.53401
295,158.87209
200,125.04278
60,74.58976
240,176.22789
125,121.820145
42,95.03973
90,181.0701
34,120.70988
75,130.13748
70,61.36046
115,155.29175
125,79.94881
130,145.13658
120,108.32089
60,85.57717
75,92.35826
100,104.40675
50,77.589455
298,163.33498
62,114.45525
145,142.65862
90,112.1678
138,133.42397
77,127.38874
60,131.98615
70,98.464714
30,111.08393
100,79.972015
72,75.22636
80,150.64828
139,76.91239
100,125.36076
75,79.853
240,185.27605
120,142.21678
170,161.2189
53,125.42584
78,81.36199
103,132.35127
85,109.11573
70,158.08615
46,138.4591
69,112.44645
95,127.26608
200,117.422806
110,113.563805
100,84.78155
95,107.63167
38,94.088104
65,132.21019
150,158.81401
150,178.83972
75,127.707794
70,101.62326
190,136.85147
180,143.75224
110,136.43146
130,159.91954
135,125.031425
200,150.1173
45,75.58686
133,153.67363
140,178.47011
98,162.91066
110,180.36241
85,131.03618
275,184.5016
80,53.66583
100,121.47341
150,101.149895
110,152.7222
75,115.1859
50,73.510735
250,214.52032
60,72.48234
85,112.17354
147,114.28238
45,113.52172
107,65.58333
62,94.30119
249,102.54461
82,126.717476
55,189.58554
115,134.12848
50,63.94018
178,133.612
180,131.85812
295,79.36038
180,163.22615
275,133.89471
50,63.206646
70,70.86153
88,129.19821
33,57.490215
70,135.8676
50,105.67998
80,149.5829
122,137.65765
260,167.72888
86,112.73481
110,133.0444
120,89.20237
150,111.25498
215,146.01404
120,127.80526
90,93.05188
65,85.7202
78,94.387276
150,158.81252
44,86.52727
199,125.985374
75,95.43596
149,138.33607
195,129.32109
99,124.52928
300,127.029236
79,108.14281
179,99.5441
58,97.28349
118,186.01616
70,97.424805
53,85.90381
120,93.28382
36,71.93056
300,108.53281
120,143.91972
69,83.78751
88,63.894875
250,178.62698
166,147.81361
35,51.566822
130,144.53961
95,112.754715
150,176.31223
235,169.00613
160,128.64029
55,84.35319
100,91.37228
75,97.691345
75,73.21062
63,79.23648
106,84.387146
115,128.60136
120,159.40588
48,93.78845
160,118.41289
105,77.23523
90,83.616936
89,110.60973
130,84.22406
299,196.89662
197,138.71013
61,147.11946
200,88.654785
57,115.369774
38,89.99664
100,72.74617
190,206.67648
32,86.5698
99,77.27288
100,143.56836
104,144.9702
45,81.086754
66,176.04051
200,164.24048
125,163.32756
120,118.31073
80,114.42304
75,139.74158
40,98.692856
275,102.2648
250,145.4935
225,161.20581
295,163.86086
100,170.5575
150,183.42802
77,134.83493
61,134.05745
99,107.48855
32,34.066048
150,148.24709
55,70.1298
130,111.86679
48,54.144257
100,160.14262
120,72.11702
99,81.96246
38,74.5694
55,56.812866
35,107.249466
65,125.89542
94,137.50314
250,232.74724
58,80.64186
140,149.10707
100,104.57879
120,167.61923
155,117.34063
199,160.99992
250,67.56744
200,201.03326
42,81.3062
220,116.81439
90,135.02327
76,138.60307
150,117.772644
80,124.8025
165,102.82893
125,124.49792
40,96.108315
300,162.21815
50,85.10112
250,127.00903
31,34.632816
75,110.03906
145,128.12227
142,128.73705
60,94.68487
80,146.44933
125,151.48633
250,196.63406
92,110.067055
80,78.59323
130,103.114586
80,98.1452
80,86.97934
80,116.02546
93,125.97979
120,134.78519
200,179.12732
50,99.321335
125,143.56203
75,121.47898
60,124.06133
200,185.75911
70,88.12531
68,128.95567
215,158.45566
70,169.83041
155,184.25537
130,121.79721
100,132.16312
100,167.64
175,204.84901
95,114.08165
99,144.8921
95,103.9217
60,102.53028
175,160.18443
115,117.525215
84,92.764885
55,86.64039
83,89.67824
125,106.73407
89,134.59575
48,70.33056
140,167.3942
175,167.28185
198,161.12163
190,162.32327
60,108.29988
150,191.74748
70,103.97615
120,153.3989
50,82.98609
130,144.38564
57,124.35797
95,85.09271
115,153.76035
50,69.79818
109,164.71864
200,145.54877
105,124.42561
69,60.72474
160,128.24489
220,189.6095
225,193.48405
68,71.613686
35,63.373005
150,160.92815
52,136.05083
215,154.85236
220,181.01245
65,127.11817
105,165.84734
50,74.11044
250,121.6728
200,139.40614
150,70.20981
68,98.818474
65,76.59658
27,71.8206
89,105.333176
120,82.95847
150,115.90256
250,149.2863
77,102.806625
83,133.5642
70,59.685623
200,145.23651
48,104.56159
85,155.78363
75,117.41071
150,123.64365
90,135.01921
179,147.686
149,128.80167
150,118.55109
80,183.68556
100,175.13977
250,94.50464
210,123.33745
100,102.83866
31,70.89362
125,152.53554
125,105.12046
100,181.7594
150,72.9197
90,124.95719
50,73.12018
61,97.20929
165,94.48109
225,179.28099
100,137.29114
129,167.18198
280,198.47937
60,89.64341
85,92.44889
65,141.65416
125,161.90979
120,106.74535
60,87.49214
240,150.88646
50,66.9455
100,168.27133
99,165.4609
85,120.757774
150,167.0431
125,95.52482
85,85.03195
188,172.82988
155,84.53962
200,140.51073
47,73.10442
130,124.28159
120,165.67044
162,107.31456
37,121.30283
128,118.8428
120,124.410484
150,142.48807
105,98.717415
220,175.93687
240,227.69446
95,169.85295
129,194.97404
200,104.013504
200,182.57921
65,82.35974
55,166.75053
80,115.6619
50,76.29903
38,70.33835
69,86.86915
125,129.55875
60,93.50956
64,71.20188
109,121.14608
95,159.35765
95,149.76968
60,188.32181
125,149.98967
175,152.46649
77,121.08043
95,152.12389
125,123.908
150,108.19128
255,176.00075
90,83.942444
106,164.32344
300,192.27925
70,126.945305
49,92.18584
75,102.43325
224,184.61276
145,160.37015
25,72.27945
75,142.32828
25,29.09707
200,167.1722
109,88.38363
77,90.532974
90,98.621666
195,175.86688
90,150.82234
150,124.87919
115,91.504814
150,135.53229
245,205.24092
60,102.19413
333,196.65463
89,88.57357
200,138.33046
120,142.00668
79,105.20278
110,126.45875
91,161.8119
105,178.2202
68,60.99316
45,116.77344
185,179.1588
179,160.48892
45,71.72058
269,252.98468
100,74.110794
85,81.125114
125,142.2798
97,101.61517
70,130.6565
228,124.52954
65,116.87441
212,155.5793
88,113.28242
65,178.7739
60,116.15269
200,142.17801
125,124.18812
45,98.01609
50,133.72223
50,103.5352
65,63.985115
129,177.49255
101,124.96621
50,86.764244
50,79.58014
65,93.86042
90,143.04869
150,92.142715
150,129.10199
220,120.786644
85,171.50171
129,128.02205
80,147.08559
199,212.13605
99,167.34776
210,156.74765
90,146.09343
70,95.9966
201,85.5965
55,108.741974
150,107.07912
76,122.8892
84,114.380035
45,61.471462
89,103.12153
88,67.839745
119,117.22398
113,211.53505
42,68.38219
73,88.26758
59,137.38646
111,117.173836
115,85.84011
165,146.00168
150,120.525475
125,79.85381
175,114.59227
150,165.46571
65,88.165184
72,121.87486
175,189.83507
165,160.1451
